Handle,Metafield: shopify--discovery--product_recommendation.complementary_products [list.product_reference]
estela-gold-premium-rhodium-plated-alloy-bracelet-with-high-quality-simulated-diamonds,"estela-gold-premium-rhodium-plated-alloy-earring-with-high-quality-simulated-diamonds,estela-gold-premium-rhodium-plated-alloy-necklace-with-high-quality-simulated-diamonds,abla-blue-floral-ring-in-925-silver-with-marquise-and-pear-cut-high-quality-simulated-diamonds,aya-shine-dragon-design-multicolor-bangle-in-925-silver-with-high-quality-simulated-diamonds"
estela-gold-premium-rhodium-plated-alloy-necklace-with-high-quality-simulated-diamonds,"estela-gold-premium-rhodium-plated-alloy-earring-with-high-quality-simulated-diamonds,estela-gold-premium-rhodium-plated-alloy-bracelet-with-high-quality-simulated-diamonds,abla-blue-floral-ring-in-925-silver-with-marquise-and-pear-cut-high-quality-simulated-diamonds,aya-shine-dragon-design-multicolor-bangle-in-925-silver-with-high-quality-simulated-diamonds"
estela-gold-premium-rhodium-plated-alloy-earring-with-high-quality-simulated-diamonds,"estela-gold-premium-rhodium-plated-alloy-necklace-with-high-quality-simulated-diamonds,estela-gold-premium-rhodium-plated-alloy-bracelet-with-high-quality-simulated-diamonds,abla-blue-floral-ring-in-925-silver-with-marquise-and-pear-cut-high-quality-simulated-diamonds,aya-shine-dragon-design-multicolor-bangle-in-925-silver-with-high-quality-simulated-diamonds"
carla-rose-gold-premium-rhodium-plated-alloy-bangle-with-high-quality-simulated-diamonds,"carla-rose-gold-premium-rhodium-plated-alloy-earring-with-high-quality-simulated-diamonds,carla-rose-gold-premium-rhodium-plated-alloy-necklace-with-high-quality-simulated-diamonds,carla-rose-gold-premium-rhodium-plated-alloy-ring-with-high-quality-simulated-diamonds,karah-rose-gold-bracelet-with-certified-high-quality-premium-simulated-diamonds-in-925-sterling-silver"
carla-rose-gold-premium-rhodium-plated-alloy-earring-with-high-quality-simulated-diamonds,"carla-rose-gold-premium-rhodium-plated-alloy-necklace-with-high-quality-simulated-diamonds,carla-rose-gold-premium-rhodium-plated-alloy-ring-with-high-quality-simulated-diamonds,carla-rose-gold-premium-rhodium-plated-alloy-bangle-with-high-quality-simulated-diamonds,karah-rose-gold-bracelet-with-certified-high-quality-premium-simulated-diamonds-in-925-sterling-silver"
carla-rose-gold-premium-rhodium-plated-alloy-ring-with-high-quality-simulated-diamonds,"carla-rose-gold-premium-rhodium-plated-alloy-earring-with-high-quality-simulated-diamonds,carla-rose-gold-premium-rhodium-plated-alloy-necklace-with-high-quality-simulated-diamonds,carla-rose-gold-premium-rhodium-plated-alloy-bangle-with-high-quality-simulated-diamonds,karah-rose-gold-bracelet-with-certified-high-quality-premium-simulated-diamonds-in-925-sterling-silver"
carla-rose-gold-premium-rhodium-plated-alloy-necklace-with-high-quality-simulated-diamonds,"carla-rose-gold-premium-rhodium-plated-alloy-earring-with-high-quality-simulated-diamonds,carla-rose-gold-premium-rhodium-plated-alloy-ring-with-high-quality-simulated-diamonds,carla-rose-gold-premium-rhodium-plated-alloy-bangle-with-high-quality-simulated-diamonds,karah-rose-gold-bracelet-with-certified-high-quality-premium-simulated-diamonds-in-925-sterling-silver"
althea-rose-gold-premium-rhodium-plated-alloy-bangle-with-high-quality-simulated-diamonds,"althea-rose-gold-premium-rhodium-plated-alloy-earring-with-high-quality-simulated-diamonds,althea-rose-gold-premium-rhodium-plated-alloy-necklace-with-high-quality-simulated-diamonds,althea-rose-gold-premium-rhodium-plated-alloy-ring-with-high-quality-simulated-diamonds,karah-rose-gold-bracelet-with-certified-high-quality-premium-simulated-diamonds-in-925-sterling-silver"
althea-rose-gold-premium-rhodium-plated-alloy-necklace-with-high-quality-simulated-diamonds,"althea-rose-gold-premium-rhodium-plated-alloy-earring-with-high-quality-simulated-diamonds,althea-rose-gold-premium-rhodium-plated-alloy-ring-with-high-quality-simulated-diamonds,althea-rose-gold-premium-rhodium-plated-alloy-bangle-with-high-quality-simulated-diamonds,karah-rose-gold-bracelet-with-certified-high-quality-premium-simulated-diamonds-in-925-sterling-silver"
althea-rose-gold-premium-rhodium-plated-alloy-earring-with-high-quality-simulated-diamonds,"althea-rose-gold-premium-rhodium-plated-alloy-necklace-with-high-quality-simulated-diamonds,althea-rose-gold-premium-rhodium-plated-alloy-ring-with-high-quality-simulated-diamonds,althea-rose-gold-premium-rhodium-plated-alloy-bangle-with-high-quality-simulated-diamonds,karah-rose-gold-bracelet-with-certified-high-quality-premium-simulated-diamonds-in-925-sterling-silver"
althea-rose-gold-premium-rhodium-plated-alloy-ring-with-high-quality-simulated-diamonds,"althea-rose-gold-premium-rhodium-plated-alloy-earring-with-high-quality-simulated-diamonds,althea-rose-gold-premium-rhodium-plated-alloy-necklace-with-high-quality-simulated-diamonds,althea-rose-gold-premium-rhodium-plated-alloy-bangle-with-high-quality-simulated-diamonds,karah-rose-gold-bracelet-with-certified-high-quality-premium-simulated-diamonds-in-925-sterling-silver"
stacey-rose-gold-premium-rhodium-plated-alloy-earring-with-high-quality-simulated-diamonds,"stacey-rose-gold-premium-rhodium-plated-alloy-necklace-with-high-quality-simulated-diamonds,stacey-rose-gold-premium-rhodium-plated-alloy-bracelet-with-high-quality-simulated-diamonds,stacey-rose-gold-premium-rhodium-plated-alloy-ring-with-high-quality-simulated-diamonds,althea-rose-gold-premium-rhodium-plated-alloy-bangle-with-high-quality-simulated-diamonds"
stacey-rose-gold-premium-rhodium-plated-alloy-necklace-with-high-quality-simulated-diamonds,"stacey-rose-gold-premium-rhodium-plated-alloy-earring-with-high-quality-simulated-diamonds,stacey-rose-gold-premium-rhodium-plated-alloy-bracelet-with-high-quality-simulated-diamonds,stacey-rose-gold-premium-rhodium-plated-alloy-ring-with-high-quality-simulated-diamonds,althea-rose-gold-premium-rhodium-plated-alloy-bangle-with-high-quality-simulated-diamonds"
stacey-rose-gold-premium-rhodium-plated-alloy-bracelet-with-high-quality-simulated-diamonds,"stacey-rose-gold-premium-rhodium-plated-alloy-earring-with-high-quality-simulated-diamonds,stacey-rose-gold-premium-rhodium-plated-alloy-necklace-with-high-quality-simulated-diamonds,stacey-rose-gold-premium-rhodium-plated-alloy-ring-with-high-quality-simulated-diamonds,althea-rose-gold-premium-rhodium-plated-alloy-bangle-with-high-quality-simulated-diamonds"
stacey-rose-gold-premium-rhodium-plated-alloy-ring-with-high-quality-simulated-diamonds,"stacey-rose-gold-premium-rhodium-plated-alloy-earring-with-high-quality-simulated-diamonds,stacey-rose-gold-premium-rhodium-plated-alloy-necklace-with-high-quality-simulated-diamonds,stacey-rose-gold-premium-rhodium-plated-alloy-bracelet-with-high-quality-simulated-diamonds,althea-rose-gold-premium-rhodium-plated-alloy-bangle-with-high-quality-simulated-diamonds"
octavia-rose-gold-premium-rhodium-plated-alloy-bangle-with-high-quality-simulated-diamonds,"octavia-rose-gold-premium-rhodium-plated-alloy-earring-with-high-quality-simulated-diamonds,octavia-rose-gold-premium-rhodium-plated-alloy-necklace-with-high-quality-simulated-diamonds,octavia-rose-gold-premium-rhodium-plated-alloy-ring-with-high-quality-simulated-diamonds,karah-rose-gold-bracelet-with-certified-high-quality-premium-simulated-diamonds-in-925-sterling-silver"
octavia-rose-gold-premium-rhodium-plated-alloy-ring-with-high-quality-simulated-diamonds,"octavia-rose-gold-premium-rhodium-plated-alloy-earring-with-high-quality-simulated-diamonds,octavia-rose-gold-premium-rhodium-plated-alloy-necklace-with-high-quality-simulated-diamonds,octavia-rose-gold-premium-rhodium-plated-alloy-bangle-with-high-quality-simulated-diamonds,karah-rose-gold-bracelet-with-certified-high-quality-premium-simulated-diamonds-in-925-sterling-silver"
octavia-rose-gold-premium-rhodium-plated-alloy-earring-with-high-quality-simulated-diamonds,"octavia-rose-gold-premium-rhodium-plated-alloy-necklace-with-high-quality-simulated-diamonds,octavia-rose-gold-premium-rhodium-plated-alloy-ring-with-high-quality-simulated-diamonds,octavia-rose-gold-premium-rhodium-plated-alloy-bangle-with-high-quality-simulated-diamonds,karah-rose-gold-bracelet-with-certified-high-quality-premium-simulated-diamonds-in-925-sterling-silver"
octavia-rose-gold-premium-rhodium-plated-alloy-necklace-with-high-quality-simulated-diamonds,"octavia-rose-gold-premium-rhodium-plated-alloy-earring-with-high-quality-simulated-diamonds,octavia-rose-gold-premium-rhodium-plated-alloy-ring-with-high-quality-simulated-diamonds,octavia-rose-gold-premium-rhodium-plated-alloy-bangle-with-high-quality-simulated-diamonds,karah-rose-gold-bracelet-with-certified-high-quality-premium-simulated-diamonds-in-925-sterling-silver"
agatha-rose-gold-premium-rhodium-plated-alloy-earrings-with-high-quality-simulated-diamonds,"agatha-rose-gold-premium-rhodium-plated-alloy-necklace-with-high-quality-simulated-diamonds,karah-rose-gold-bracelet-with-certified-high-quality-premium-simulated-diamonds-in-925-sterling-silver,althea-rose-gold-premium-rhodium-plated-alloy-ring-with-high-quality-simulated-diamonds,althea-rose-gold-premium-rhodium-plated-alloy-bangle-with-high-quality-simulated-diamonds"
agatha-rose-gold-premium-rhodium-plated-alloy-necklace-with-high-quality-simulated-diamonds,"agatha-rose-gold-premium-rhodium-plated-alloy-earrings-with-high-quality-simulated-diamonds,karah-rose-gold-bracelet-with-certified-high-quality-premium-simulated-diamonds-in-925-sterling-silver,althea-rose-gold-premium-rhodium-plated-alloy-ring-with-high-quality-simulated-diamonds,althea-rose-gold-premium-rhodium-plated-alloy-bangle-with-high-quality-simulated-diamonds"
omnia-naya-white-bridal-full-set-accessories-high-quality-zircon-stones-rhodium-plated,"naya-necklace-with-certified-premium-simulated-diamonds-in-925-sterling-silver,amor-white-cushion-cut-ring-in-925-silver-with-high-quality-simulated-diamonds,aryana-white-emerald-cut-ring-in-925-silver-with-high-quality-simulated-diamonds,azmira-royal-design-marquise-cut-white-moissanite-stone-ring-with-gra-certified-high-quality-in-925-silver-6x12mm-2ct"
alani-baby-blue-brooch-with-certified-high-quality-premium-simulated-diamonds-in-925-sterling-silver,"alani-baby-blue-necklace-with-certified-premium-simulated-diamonds-in-925-sterling-silver,abir-blue-drop-earrings-with-premium-simulated-diamonds-in-925-sterling-silver,omnia-louise-blue-bracelet-in-92-5-silver-high-quality-simulated-diamonds,abla-blue-floral-ring-in-925-silver-with-marquise-and-pear-cut-high-quality-simulated-diamonds"
angie-gold-plated-ring-with-certified-premium-simulated-diamonds-in-925-sterling-silver,"angie-white-certified-lab-crafted-hoop-earrings-with-high-quality-925-silver,amiyah-gold-plated-necklace-with-certified-premium-simulated-diamonds-in-925-sterling-silver,arwenna-fluted-ribbed-spindle-gold-plated-bracelet-with-premium-simulated-diamonds-in-925-sterling-silver,omnia-areej-gold-plated-copper-bangle-with-high-quality-simulated-diamonds"
malaika-imperial-red-gemstone-ring-with-certified-high-quality-premium-simulated-diamonds-in-925-sterling-silver,"omnia-malaika-pink-coral-floral-earrings-with-high-quality-simulated-diamonds-in-925-silver,alodia-ruby-red-necklace-with-certified-premium-simulated-diamonds-in-925-sterling-silver,ayeisa-woven-red-leather-bracelet-with-certified-high-quality-premium-simulated-diamonds-in-925-sterling-silver,isalyn-ruby-red-bangle-with-high-quality-premium-simulated-diamonds-in-925-sterling-silver"
angie-ring-with-certified-premium-simulated-diamonds-in-925-sterling-silver,"angie-white-certified-lab-crafted-hoop-earrings-with-high-quality-925-silver,adah-round-white-pendant-necklace-with-high-quality-simulated-diamonds-in-925-silver,ameliora-emerald-cut-brick-lattice-wide-bracelet-with-premium-simulated-diamonds-in-925-sterling-silver,aya-shine-dragon-design-multicolor-bangle-in-925-silver-with-high-quality-simulated-diamonds"
alani-baby-blue-necklace-with-certified-premium-simulated-diamonds-in-925-sterling-silver,"alani-baby-blue-brooch-with-certified-high-quality-premium-simulated-diamonds-in-925-sterling-silver,abir-blue-drop-earrings-with-premium-simulated-diamonds-in-925-sterling-silver,omnia-louise-blue-bracelet-in-92-5-silver-high-quality-simulated-diamonds,abla-blue-floral-ring-in-925-silver-with-marquise-and-pear-cut-high-quality-simulated-diamonds"
aila-white-lock-design-earrings-with-high-quality-premium-simulated-diamonds-in-925-sterling-silver,"omnia-aila-white-lock-design-necklace-in-925-silver-with-high-quality-lab-crafted-stones,omnia-anisa-white-bracelet-in-925-silver-with-high-quality-simulated-diamonds,amor-white-cushion-cut-ring-in-925-silver-with-high-quality-simulated-diamonds,kareenah-white-open-cuff-ring-in-925-silver-with-premium-simulated-diamonds"
marjan-sunflower-yellow-necklace-in-925-silver-certified-high-quality-lab-grown-stones,"marjan-sunflower-yellow-drop-earrings-in-925-silver-certified-high-quality-lab-grown-stones,omnia-asiya-yellow-bracelet-in-92-5-silver-high-quality-simulated-diamonds,isabell-yellow-and-white-pear-cut-ring-in-925-silver-with-high-quality-simulated-diamonds,kaylie-orange-tiger-brooch-with-high-quality-simulated-diamonds-in-925-silver"
marjan-sunflower-yellow-drop-earrings-in-925-silver-certified-high-quality-lab-grown-stones,"marjan-sunflower-yellow-necklace-in-925-silver-certified-high-quality-lab-grown-stones,omnia-asiya-yellow-bracelet-in-92-5-silver-high-quality-simulated-diamonds,isabell-yellow-and-white-pear-cut-ring-in-925-silver-with-high-quality-simulated-diamonds,kaylie-orange-tiger-brooch-with-high-quality-simulated-diamonds-in-925-silver"
omnia-sihab-pink-coral-flower-silver-ring-in-925-silver-high-quality-white-simulated-diamond-stones-1,"omnia-sihab-pink-coral-flower-silver-drop-earrings-in-925-silver-high-quality-white-simulated-diamond-stones,louise-pink-necklace-in-925-silver-high-quality-simulated-diamonds,eleniya-vintage-royal-pearl-and-pink-diamond-fringe-drop-bracelet-with-premium-simulated-diamonds-in-925-sterling-silver,omnia-sia-pink-coral-floral-brooch-in-925-silver-high-quality-purple-and-white-simulated-diamonds"
omnia-sihab-pink-coral-flower-silver-ring-in-925-silver-high-quality-white-simulated-diamond-stones,"omnia-sihab-pink-coral-flower-silver-drop-earrings-in-925-silver-high-quality-white-simulated-diamond-stones,louise-pink-necklace-in-925-silver-high-quality-simulated-diamonds,eleniya-vintage-royal-pearl-and-pink-diamond-fringe-drop-bracelet-with-premium-simulated-diamonds-in-925-sterling-silver,omnia-sia-pink-coral-floral-brooch-in-925-silver-high-quality-purple-and-white-simulated-diamonds"
carolina-lab-grown-blue-sapphire-pear-cut-ring-6x9mm-with-grc-certificate-in-925-sterling-silver,"carolina-lab-grown-red-ruby-earrings-with-grc-certificate-pear-6-9mm-in-925-sterling-silver,carolina-lab-grown-red-ruby-necklace-with-grc-certificate-in-925-sterling-silver,omnia-mahasin-blue-bracelet-925-silver-certified-in-high-quality-lab-grown-sapphire-stone,alani-baby-blue-brooch-with-certified-high-quality-premium-simulated-diamonds-in-925-sterling-silver"
carolina-lab-grown-red-ruby-necklace-with-grc-certificate-in-925-sterling-silver,"carolina-lab-grown-red-ruby-earrings-with-grc-certificate-pear-6-9mm-in-925-sterling-silver,rosalie-lab-grown-red-ruby-pear-cut-ring-6x9mm-with-grc-certificate-in-925-sterling-silver,omnia-mahasin-red-bracelet-925-silver-certified-in-high-quality-lab-grown-ruby-stone,isalyn-ruby-red-bangle-with-high-quality-premium-simulated-diamonds-in-925-sterling-silver"
omnia-yellow-radiance-flower-stud-earrings-in-92-5-silver-with-high-quality-simulated-diamonds,"omnia-green-radiance-necklace-in-92-5-silver-with-high-quality-simulated-diamonds,kiana-yellow-flower-design-ring-with-high-quality-simulated-diamonds-in-925-silver,omnia-asiya-yellow-bracelet-in-92-5-silver-high-quality-simulated-diamonds,kaylie-orange-tiger-brooch-with-high-quality-simulated-diamonds-in-925-silver"
ikraam-green-and-white-earring-with-high-premium-signature-stones-and-certificate-in-925-silver,"omnia-kinza-green-and-white-necklace-in-925-silver-high-quality-certified-lab-crafted-stones,omnia-thara-green-and-white-silver-bracelet-in-925-silver-high-quality-simulated-diamonds-stones,aryana-white-emerald-cut-ring-in-925-silver-with-high-quality-simulated-diamonds,kareenah-white-open-cuff-ring-in-925-silver-with-premium-simulated-diamonds"
avalina-fresh-water-pearl-neckalce-in-925-silver-with-high-quality-simulated-diamonds,"avalina-fresh-water-pearl-ring-in-925-silver-with-high-quality-simulated-diamonds,allison-multicolor-floral-design-double-pearl-drop-earrings-with-high-quality-simulated-diamonds-in-925-silver,najaah-floral-fresh-water-pearl-necklace-in-925-silver-with-high-quality-simulated-diamonds,eleniya-vintage-royal-pearl-and-pink-diamond-fringe-drop-bracelet-with-premium-simulated-diamonds-in-925-sterling-silver"
oriana-floral-fresh-water-pearl-neckalce-in-925-silver-with-high-quality-simulated-diamonds,"oriana-floral-fresh-water-pearl-ring-in-925-silver-with-high-quality-simulated-diamonds,oriana-floral-fresh-water-pearl-earring-in-925-silver-with-high-quality-simulated-diamonds,eleniya-vintage-royal-pearl-and-pink-diamond-fringe-drop-bracelet-with-premium-simulated-diamonds-in-925-sterling-silver,dulce-royal-two-tone-pearl-bangle-with-premium-simulated-diamonds-in-925-sterling-silver"
oriana-floral-fresh-water-pearl-earring-in-925-silver-with-high-quality-simulated-diamonds,"oriana-floral-fresh-water-pearl-neckalce-in-925-silver-with-high-quality-simulated-diamonds,oriana-floral-fresh-water-pearl-ring-in-925-silver-with-high-quality-simulated-diamonds,eleniya-vintage-royal-pearl-and-pink-diamond-fringe-drop-bracelet-with-premium-simulated-diamonds-in-925-sterling-silver,dulce-royal-two-tone-pearl-bangle-with-premium-simulated-diamonds-in-925-sterling-silver"
oriana-floral-fresh-water-pearl-ring-in-925-silver-with-high-quality-simulated-diamonds,"oriana-floral-fresh-water-pearl-neckalce-in-925-silver-with-high-quality-simulated-diamonds,oriana-floral-fresh-water-pearl-earring-in-925-silver-with-high-quality-simulated-diamonds,eleniya-vintage-royal-pearl-and-pink-diamond-fringe-drop-bracelet-with-premium-simulated-diamonds-in-925-sterling-silver,dulce-royal-two-tone-pearl-bangle-with-premium-simulated-diamonds-in-925-sterling-silver"
najaah-floral-fresh-water-pearl-necklace-in-925-silver-with-high-quality-simulated-diamonds,"najaah-floral-fresh-water-pearl-earring-in-925-silver-with-high-quality-simulated-diamonds,omnia-najaah-floral-fresh-water-pearl-ring-in-925-silver-in-high-quality-simulated-diamonds,eleniya-vintage-royal-pearl-and-pink-diamond-fringe-drop-bracelet-with-premium-simulated-diamonds-in-925-sterling-silver,dulce-royal-two-tone-pearl-bangle-with-premium-simulated-diamonds-in-925-sterling-silver"
najaah-floral-fresh-water-pearl-earring-in-925-silver-with-high-quality-simulated-diamonds,"najaah-floral-fresh-water-pearl-necklace-in-925-silver-with-high-quality-simulated-diamonds,omnia-najaah-floral-fresh-water-pearl-ring-in-925-silver-in-high-quality-simulated-diamonds,eleniya-vintage-royal-pearl-and-pink-diamond-fringe-drop-bracelet-with-premium-simulated-diamonds-in-925-sterling-silver,dulce-royal-two-tone-pearl-bangle-with-premium-simulated-diamonds-in-925-sterling-silver"
ruwaina-pink-ring-with-high-quality-premium-simulated-diamonds-in-925-sterling-silver,"ruwaina-pink-necklace-with-high-quality-premium-simulated-diamonds-in-925-sterling-silver,nataly-pink-flower-design-earrings-with-high-quality-simulated-diamonds-in-925-silver,eleniya-vintage-royal-pearl-and-pink-diamond-fringe-drop-bracelet-with-premium-simulated-diamonds-in-925-sterling-silver,kareenah-pink-open-cuff-ring-in-925-silver-with-premium-simulated-diamonds"
ruwaina-pink-necklace-with-high-quality-premium-simulated-diamonds-in-925-sterling-silver,"ruwaina-pink-ring-with-high-quality-premium-simulated-diamonds-in-925-sterling-silver,nataly-pink-flower-design-earrings-with-high-quality-simulated-diamonds-in-925-silver,eleniya-vintage-royal-pearl-and-pink-diamond-fringe-drop-bracelet-with-premium-simulated-diamonds-in-925-sterling-silver,kareenah-pink-open-cuff-ring-in-925-silver-with-premium-simulated-diamonds"
tasneema-pearl-necklace-with-high-quality-premium-simulated-diamonds-in-925-sterling-silver,"tasneema-pearl-earrings-with-high-quality-premium-simulated-diamonds-in-925-sterling-silver,tasneema-pearl-ring-with-high-quality-premium-simulated-diamonds-in-925-sterling-silver,eleniya-vintage-royal-pearl-and-pink-diamond-fringe-drop-bracelet-with-premium-simulated-diamonds-in-925-sterling-silver,dulce-royal-two-tone-pearl-bangle-with-premium-simulated-diamonds-in-925-sterling-silver"
tasneema-pearl-ring-with-high-quality-premium-simulated-diamonds-in-925-sterling-silver,"tasneema-pearl-earrings-with-high-quality-premium-simulated-diamonds-in-925-sterling-silver,tasneema-pearl-necklace-with-high-quality-premium-simulated-diamonds-in-925-sterling-silver,eleniya-vintage-royal-pearl-and-pink-diamond-fringe-drop-bracelet-with-premium-simulated-diamonds-in-925-sterling-silver,dulce-royal-two-tone-pearl-bangle-with-premium-simulated-diamonds-in-925-sterling-silver"
tasneema-pearl-earrings-with-high-quality-premium-simulated-diamonds-in-925-sterling-silver,"tasneema-pearl-necklace-with-high-quality-premium-simulated-diamonds-in-925-sterling-silver,tasneema-pearl-ring-with-high-quality-premium-simulated-diamonds-in-925-sterling-silver,eleniya-vintage-royal-pearl-and-pink-diamond-fringe-drop-bracelet-with-premium-simulated-diamonds-in-925-sterling-silver,dulce-royal-two-tone-pearl-bangle-with-premium-simulated-diamonds-in-925-sterling-silver"
talyra-red-flower-earrings-with-high-quality-premium-simulated-diamonds-in-925-sterling-silver,"talyra-red-flower-necklace-with-high-quality-premium-simulated-diamonds-in-925-sterling-silver,ayeisa-woven-red-leather-bracelet-with-certified-high-quality-premium-simulated-diamonds-in-925-sterling-silver,abla-red-floral-ring-in-925-silver-with-marquise-and-pear-cut-high-quality-simulated-diamonds,isalyn-ruby-red-bangle-with-high-quality-premium-simulated-diamonds-in-925-sterling-silver"
talyra-yellow-flower-earrings-with-high-quality-premium-simulated-diamonds-in-925-sterling-silver,"talyra-yellow-flower-necklace-with-high-quality-premium-simulated-diamonds-in-925-sterling-silver,kiana-yellow-flower-design-ring-with-high-quality-simulated-diamonds-in-925-silver,omnia-asiya-yellow-bracelet-in-92-5-silver-high-quality-simulated-diamonds,kaylie-orange-tiger-brooch-with-high-quality-simulated-diamonds-in-925-silver"
talyra-red-flower-necklace-with-high-quality-premium-simulated-diamonds-in-925-sterling-silver,"talyra-red-flower-earrings-with-high-quality-premium-simulated-diamonds-in-925-sterling-silver,ayeisa-woven-red-leather-bracelet-with-certified-high-quality-premium-simulated-diamonds-in-925-sterling-silver,abla-red-floral-ring-in-925-silver-with-marquise-and-pear-cut-high-quality-simulated-diamonds,isalyn-ruby-red-bangle-with-high-quality-premium-simulated-diamonds-in-925-sterling-silver"
talyra-yellow-flower-necklace-with-high-quality-premium-simulated-diamonds-in-925-sterling-silver,"talyra-yellow-flower-earrings-with-high-quality-premium-simulated-diamonds-in-925-sterling-silver,kiana-yellow-flower-design-ring-with-high-quality-simulated-diamonds-in-925-silver,omnia-asiya-yellow-bracelet-in-92-5-silver-high-quality-simulated-diamonds,kaylie-orange-tiger-brooch-with-high-quality-simulated-diamonds-in-925-silver"
mahira-floral-stud-earrings-with-premium-simulated-diamonds-in-925-sterling-silver,"omnia-mahira-gold-floral-bracelet-in-925-silver-with-high-quality-lab-crafted-stones,gwen-floral-red-and-white-pendant-necklace-with-high-quality-simulated-diamonds-in-925-silver-1,abla-blue-floral-ring-in-925-silver-with-marquise-and-pear-cut-high-quality-simulated-diamonds,aya-shine-dragon-design-multicolor-bangle-in-925-silver-with-high-quality-simulated-diamonds"
kaelora-rose-gold-earrings-with-high-quality-premium-simulated-diamonds-in-925-sterling-silver,"kaelora-rose-gold-ring-with-high-quality-premium-simulated-diamonds-in-925-sterling-silver,agatha-rose-gold-premium-rhodium-plated-alloy-necklace-with-high-quality-simulated-diamonds,karah-rose-gold-bracelet-with-certified-high-quality-premium-simulated-diamonds-in-925-sterling-silver,althea-rose-gold-premium-rhodium-plated-alloy-bangle-with-high-quality-simulated-diamonds"
kaelora-rose-gold-ring-with-high-quality-premium-simulated-diamonds-in-925-sterling-silver,"kaelora-rose-gold-earrings-with-high-quality-premium-simulated-diamonds-in-925-sterling-silver,agatha-rose-gold-premium-rhodium-plated-alloy-necklace-with-high-quality-simulated-diamonds,karah-rose-gold-bracelet-with-certified-high-quality-premium-simulated-diamonds-in-925-sterling-silver,althea-rose-gold-premium-rhodium-plated-alloy-bangle-with-high-quality-simulated-diamonds"
gwenette-gold-plated-drop-earring-in-925-silver-with-premium-simulated-diamonds,"gwenette-gold-plated-necklace-in-925-silver-with-premium-simulated-diamonds,gwenette-gold-plated-ring-in-925-silver-with-premium-simulated-diamonds,arwenna-fluted-ribbed-spindle-gold-plated-bracelet-with-premium-simulated-diamonds-in-925-sterling-silver,omnia-areej-gold-plated-copper-bangle-with-high-quality-simulated-diamonds"
gwenette-gold-plated-necklace-in-925-silver-with-premium-simulated-diamonds,"gwenette-gold-plated-drop-earring-in-925-silver-with-premium-simulated-diamonds,gwenette-gold-plated-ring-in-925-silver-with-premium-simulated-diamonds,arwenna-fluted-ribbed-spindle-gold-plated-bracelet-with-premium-simulated-diamonds-in-925-sterling-silver,omnia-areej-gold-plated-copper-bangle-with-high-quality-simulated-diamonds"
deanna-gold-plated-ring-in-925-silver-with-premium-simulated-diamonds,"deanna-gold-plated-clip-on-earrings-in-925-silver-with-premium-simulated-diamonds,amiyah-gold-plated-necklace-with-certified-premium-simulated-diamonds-in-925-sterling-silver,arwenna-fluted-ribbed-spindle-gold-plated-bracelet-with-premium-simulated-diamonds-in-925-sterling-silver,omnia-areej-gold-plated-copper-bangle-with-high-quality-simulated-diamonds"
deanna-gold-plated-clip-on-earrings-in-925-silver-with-premium-simulated-diamonds-1,"deanna-gold-plated-ring-in-925-silver-with-premium-simulated-diamonds,amiyah-gold-plated-necklace-with-certified-premium-simulated-diamonds-in-925-sterling-silver,arwenna-fluted-ribbed-spindle-gold-plated-bracelet-with-premium-simulated-diamonds-in-925-sterling-silver,omnia-areej-gold-plated-copper-bangle-with-high-quality-simulated-diamonds"
jazmina-gold-plated-stud-earrings-in-925-silver-with-premium-simulated-diamonds,"jazmina-gold-plated-ring-in-925-silver-with-premium-simulated-diamonds,amiyah-gold-plated-necklace-with-certified-premium-simulated-diamonds-in-925-sterling-silver,arwenna-fluted-ribbed-spindle-gold-plated-bracelet-with-premium-simulated-diamonds-in-925-sterling-silver,omnia-areej-gold-plated-copper-bangle-with-high-quality-simulated-diamonds"
gwenette-gold-plated-ring-in-925-silver-with-premium-simulated-diamonds,"gwenette-gold-plated-drop-earring-in-925-silver-with-premium-simulated-diamonds,gwenette-gold-plated-necklace-in-925-silver-with-premium-simulated-diamonds,arwenna-fluted-ribbed-spindle-gold-plated-bracelet-with-premium-simulated-diamonds-in-925-sterling-silver,omnia-areej-gold-plated-copper-bangle-with-high-quality-simulated-diamonds"
ashira-gold-plated-ring-in-925-silver-with-premium-simulated-diamonds,"ashira-gold-plated-hoop-earrings-in-925-silver-with-premium-simulated-diamonds,amiyah-gold-plated-necklace-with-certified-premium-simulated-diamonds-in-925-sterling-silver,arwenna-fluted-ribbed-spindle-gold-plated-bracelet-with-premium-simulated-diamonds-in-925-sterling-silver,omnia-areej-gold-plated-copper-bangle-with-high-quality-simulated-diamonds"
jazmina-gold-plated-ring-in-925-silver-with-premium-simulated-diamonds,"jazmina-gold-plated-stud-earrings-in-925-silver-with-premium-simulated-diamonds,amiyah-gold-plated-necklace-with-certified-premium-simulated-diamonds-in-925-sterling-silver,arwenna-fluted-ribbed-spindle-gold-plated-bracelet-with-premium-simulated-diamonds-in-925-sterling-silver,omnia-areej-gold-plated-copper-bangle-with-high-quality-simulated-diamonds"
mahtab-butterfly-necklace-in-925-silver-high-quality-simulated-diamonds,"mahtab-butterfly-earrings-in-925-silver-high-quality-simulated-diamonds,omnia-dana-butterfly-ring-in-92-5-silver-high-quality-simulated-diamonds,ameliora-emerald-cut-brick-lattice-wide-bracelet-with-premium-simulated-diamonds-in-925-sterling-silver,aya-shine-dragon-design-multicolor-bangle-in-925-silver-with-high-quality-simulated-diamonds"
mahtab-butterfly-earrings-in-925-silver-high-quality-simulated-diamonds,"mahtab-butterfly-necklace-in-925-silver-high-quality-simulated-diamonds,omnia-dana-butterfly-ring-in-92-5-silver-high-quality-simulated-diamonds,ameliora-emerald-cut-brick-lattice-wide-bracelet-with-premium-simulated-diamonds-in-925-sterling-silver,aya-shine-dragon-design-multicolor-bangle-in-925-silver-with-high-quality-simulated-diamonds"
omnia-maysun-baby-blue-gold-plated-full-set-in-925-silver-high-quality-simulated-diamonds,"maysun-baby-blue-gold-plated-ring-in-925-silver-with-premium-simulated-diamonds,maysun-green-ring-in-925-silver-with-premium-simulated-diamonds,maysun-pink-ring-in-925-silver-with-premium-simulated-diamonds,maysun-yellow-gold-plated-ring-in-925-silver-with-premium-simulated-diamonds"
omnia-maysun-green-gold-plated-full-set-in-925-silver-high-quality-simulated-diamonds,"maysun-green-ring-in-925-silver-with-premium-simulated-diamonds,maysun-baby-blue-gold-plated-ring-in-925-silver-with-premium-simulated-diamonds,maysun-pink-ring-in-925-silver-with-premium-simulated-diamonds,maysun-yellow-gold-plated-ring-in-925-silver-with-premium-simulated-diamonds"
omnia-maysun-pink-gold-plated-full-set-in-925-silver-high-quality-simulated-diamonds,"maysun-pink-ring-in-925-silver-with-premium-simulated-diamonds,maysun-baby-blue-gold-plated-ring-in-925-silver-with-premium-simulated-diamonds,maysun-green-ring-in-925-silver-with-premium-simulated-diamonds,maysun-yellow-gold-plated-ring-in-925-silver-with-premium-simulated-diamonds"
omnia-maysun-yellow-gold-plated-full-set-in-925-silver-high-quality-simulated-diamonds,"omnia-maysun-ring-in-92-5-silver-high-quality-simulated-diamonds,maysun-baby-blue-gold-plated-ring-in-925-silver-with-premium-simulated-diamonds,maysun-green-ring-in-925-silver-with-premium-simulated-diamonds,maysun-pink-ring-in-925-silver-with-premium-simulated-diamonds"
omnia-maysun-white-gold-plated-full-set-in-925-silver-high-quality-simulated-diamonds,"omnia-maysun-ring-in-92-5-silver-high-quality-simulated-diamonds,maysun-white-ring-in-925-silver-with-premium-simulated-diamonds,omnia-maysun-baby-blue-oval-ring-in-92-5-silver-with-high-quality-simulated-diamonds,omnia-maysun-pink-oval-ring-in-92-5-silver-with-high-quality-simulated-diamonds"
omnia-nayeli-floral-halo-ring-with-ruby-red-simulated-diamonds-in-925-silver,"omnia-floral-halo-earrings-with-ruby-red-simulated-diamonds-in-92-5-silver,alodia-ruby-red-necklace-with-certified-premium-simulated-diamonds-in-925-sterling-silver,ayeisa-woven-red-leather-bracelet-with-certified-high-quality-premium-simulated-diamonds-in-925-sterling-silver,isalyn-ruby-red-bangle-with-high-quality-premium-simulated-diamonds-in-925-sterling-silver"
omnia-layan-white-bridal-full-set-in-high-quality-zircon-stone-rhodium-plated,"omnia-layan-butterfly-pendant-necklace-with-emerald-stone-in-92-5-silver-high-quality-simulated-diamonds,amor-white-cushion-cut-ring-in-925-silver-with-high-quality-simulated-diamonds,aryana-white-emerald-cut-ring-in-925-silver-with-high-quality-simulated-diamonds,azmira-royal-design-marquise-cut-white-moissanite-stone-ring-with-gra-certified-high-quality-in-925-silver-6x12mm-2ct"
omnia-infinity-chains-bridal-full-set-with-high-quality-simulated-diamonds-rhodium-plated,"omnia-aqua-flower-stud-earrings-in-92-5-silver-with-high-quality-simulated-diamonds,omnia-pearl-butterfly-earrings-in-92-5-silver-with-high-quality-simulated-diamonds,omnia-rose-white-drop-earrings-in-925-silver-with-high-quality-simulated-diamonds,heart-red-necklace-925-silver-in-high-quality-simulated-diamonds"
omnia-lamara-floral-inspired-necklace-41cm-in-92-5-silver-with-high-quality-iced-cut-stones,"omnia-lamara-floral-inspired-ring-in-92-5-silver-with-high-quality-iced-cut-stones,lamara-floral-inspired-earrings-in-925-silver-with-premium-iced-cut-stones,ayeisa-woven-red-leather-bracelet-with-certified-high-quality-premium-simulated-diamonds-in-925-sterling-silver,isalyn-ruby-red-bangle-with-high-quality-premium-simulated-diamonds-in-925-sterling-silver"
ashira-gold-plated-hoop-earrings-in-925-silver-with-premium-simulated-diamonds,"ashira-gold-plated-ring-in-925-silver-with-premium-simulated-diamonds,amiyah-gold-plated-necklace-with-certified-premium-simulated-diamonds-in-925-sterling-silver,arwenna-fluted-ribbed-spindle-gold-plated-bracelet-with-premium-simulated-diamonds-in-925-sterling-silver,omnia-areej-gold-plated-copper-bangle-with-high-quality-simulated-diamonds"
deanna-gold-plated-clip-on-earrings-in-925-silver-with-premium-simulated-diamonds,"deanna-gold-plated-ring-in-925-silver-with-premium-simulated-diamonds,amiyah-gold-plated-necklace-with-certified-premium-simulated-diamonds-in-925-sterling-silver,arwenna-fluted-ribbed-spindle-gold-plated-bracelet-with-premium-simulated-diamonds-in-925-sterling-silver,omnia-areej-gold-plated-copper-bangle-with-high-quality-simulated-diamonds"
julienne-golden-floral-necklace-in-925-silver-with-cubic-zirconia-stones,"julienne-golden-floral-hoop-clip-on-earrings-in-925-silver-with-cubic-zirconia-stones,eunice-floral-bracelet-with-certified-high-quality-premium-simulated-diamonds-in-925-sterling-silver,abla-blue-floral-ring-in-925-silver-with-marquise-and-pear-cut-high-quality-simulated-diamonds,aya-shine-dragon-design-multicolor-bangle-in-925-silver-with-high-quality-simulated-diamonds"
julienne-golden-floral-hoop-clip-on-earrings-in-925-silver-with-cubic-zirconia-stones,"julienne-golden-floral-necklace-in-925-silver-with-cubic-zirconia-stones,eunice-floral-bracelet-with-certified-high-quality-premium-simulated-diamonds-in-925-sterling-silver,abla-blue-floral-ring-in-925-silver-with-marquise-and-pear-cut-high-quality-simulated-diamonds,aya-shine-dragon-design-multicolor-bangle-in-925-silver-with-high-quality-simulated-diamonds"
maysun-baby-blue-gold-plated-bracelet-in-925-silver-with-premium-simulated-diamonds,"maysun-baby-blue-gold-plated-925-silver-earrings-with-premium-simulated-diamonds,maysun-baby-blue-necklace-in-925-silver-with-premium-simulated-diamonds,maysun-baby-blue-gold-plated-ring-in-925-silver-with-premium-simulated-diamonds,omnia-areej-gold-plated-copper-bangle-with-high-quality-simulated-diamonds"
maysun-green-gold-plated-bracelet-in-925-silver-with-premium-simulated-diamonds,"maysun-green-gold-plated-925-silver-earrings-with-premium-simulated-diamonds,maysun-green-necklace-in-925-silver-with-premium-simulated-diamonds,maysun-green-ring-in-925-silver-with-premium-simulated-diamonds,omnia-areej-gold-plated-copper-bangle-with-high-quality-simulated-diamonds"
maysun-pink-gold-plated-bracelet-in-925-silver-with-premium-simulated-diamonds,"maysun-pink-gold-plated-925-silver-earrings-with-premium-simulated-diamonds,maysun-pink-necklace-in-925-silver-with-premium-simulated-diamonds,maysun-pink-ring-in-925-silver-with-premium-simulated-diamonds,omnia-areej-gold-plated-copper-bangle-with-high-quality-simulated-diamonds"
maysun-yellow-gold-plated-bracelet-in-925-silver-with-premium-simulated-diamonds,"maysun-yellow-necklace-in-925-silver-with-premium-simulated-diamonds,maysun-yellow-gold-plated-ring-in-925-silver-with-premium-simulated-diamonds,maysun-white-gold-plated-925-silver-earrings-with-premium-simulated-diamonds,omnia-areej-gold-plated-copper-bangle-with-high-quality-simulated-diamonds"
maysun-white-gold-plated-bracelet-in-925-silver-with-premium-simulated-diamonds,"maysun-white-gold-plated-925-silver-earrings-with-premium-simulated-diamonds,maysun-white-necklace-in-925-silver-with-premium-simulated-diamonds,maysun-white-ring-in-925-silver-with-premium-simulated-diamonds,aya-shine-dragon-design-multicolor-bangle-in-925-silver-with-high-quality-simulated-diamonds"
maysun-yellow-gold-plated-ring-in-925-silver-with-premium-simulated-diamonds,"maysun-yellow-necklace-in-925-silver-with-premium-simulated-diamonds,maysun-yellow-gold-plated-bracelet-in-925-silver-with-premium-simulated-diamonds,maysun-white-gold-plated-925-silver-earrings-with-premium-simulated-diamonds,omnia-areej-gold-plated-copper-bangle-with-high-quality-simulated-diamonds"
maysun-baby-blue-gold-plated-ring-in-925-silver-with-premium-simulated-diamonds,"maysun-baby-blue-gold-plated-925-silver-earrings-with-premium-simulated-diamonds,maysun-baby-blue-necklace-in-925-silver-with-premium-simulated-diamonds,maysun-baby-blue-gold-plated-bracelet-in-925-silver-with-premium-simulated-diamonds,omnia-areej-gold-plated-copper-bangle-with-high-quality-simulated-diamonds"
maysun-white-ring-in-925-silver-with-premium-simulated-diamonds,"maysun-white-gold-plated-925-silver-earrings-with-premium-simulated-diamonds,maysun-white-necklace-in-925-silver-with-premium-simulated-diamonds,maysun-white-gold-plated-bracelet-in-925-silver-with-premium-simulated-diamonds,aya-shine-dragon-design-multicolor-bangle-in-925-silver-with-high-quality-simulated-diamonds"
maysun-green-ring-in-925-silver-with-premium-simulated-diamonds,"maysun-green-gold-plated-925-silver-earrings-with-premium-simulated-diamonds,maysun-green-necklace-in-925-silver-with-premium-simulated-diamonds,maysun-green-gold-plated-bracelet-in-925-silver-with-premium-simulated-diamonds,omnia-areej-gold-plated-copper-bangle-with-high-quality-simulated-diamonds"
maysun-pink-ring-in-925-silver-with-premium-simulated-diamonds,"maysun-pink-gold-plated-925-silver-earrings-with-premium-simulated-diamonds,maysun-pink-necklace-in-925-silver-with-premium-simulated-diamonds,maysun-pink-gold-plated-bracelet-in-925-silver-with-premium-simulated-diamonds,omnia-areej-gold-plated-copper-bangle-with-high-quality-simulated-diamonds"
maysun-green-necklace-in-925-silver-with-premium-simulated-diamonds,"maysun-green-gold-plated-925-silver-earrings-with-premium-simulated-diamonds,maysun-green-gold-plated-bracelet-in-925-silver-with-premium-simulated-diamonds,maysun-green-ring-in-925-silver-with-premium-simulated-diamonds,omnia-areej-gold-plated-copper-bangle-with-high-quality-simulated-diamonds"
maysun-baby-blue-necklace-in-925-silver-with-premium-simulated-diamonds,"maysun-baby-blue-gold-plated-925-silver-earrings-with-premium-simulated-diamonds,maysun-baby-blue-gold-plated-bracelet-in-925-silver-with-premium-simulated-diamonds,maysun-baby-blue-gold-plated-ring-in-925-silver-with-premium-simulated-diamonds,omnia-areej-gold-plated-copper-bangle-with-high-quality-simulated-diamonds"
maysun-pink-necklace-in-925-silver-with-premium-simulated-diamonds,"maysun-pink-gold-plated-925-silver-earrings-with-premium-simulated-diamonds,maysun-pink-gold-plated-bracelet-in-925-silver-with-premium-simulated-diamonds,maysun-pink-ring-in-925-silver-with-premium-simulated-diamonds,omnia-areej-gold-plated-copper-bangle-with-high-quality-simulated-diamonds"
maysun-yellow-necklace-in-925-silver-with-premium-simulated-diamonds,"maysun-yellow-gold-plated-bracelet-in-925-silver-with-premium-simulated-diamonds,maysun-yellow-gold-plated-ring-in-925-silver-with-premium-simulated-diamonds,maysun-white-gold-plated-925-silver-earrings-with-premium-simulated-diamonds,omnia-areej-gold-plated-copper-bangle-with-high-quality-simulated-diamonds"
maysun-white-necklace-in-925-silver-with-premium-simulated-diamonds,"maysun-white-gold-plated-925-silver-earrings-with-premium-simulated-diamonds,maysun-white-gold-plated-bracelet-in-925-silver-with-premium-simulated-diamonds,maysun-white-ring-in-925-silver-with-premium-simulated-diamonds,aya-shine-dragon-design-multicolor-bangle-in-925-silver-with-high-quality-simulated-diamonds"
maysun-green-gold-plated-925-silver-earrings-with-premium-simulated-diamonds,"maysun-green-necklace-in-925-silver-with-premium-simulated-diamonds,maysun-green-gold-plated-bracelet-in-925-silver-with-premium-simulated-diamonds,maysun-green-ring-in-925-silver-with-premium-simulated-diamonds,omnia-areej-gold-plated-copper-bangle-with-high-quality-simulated-diamonds"
maysun-white-gold-plated-925-silver-earrings-with-premium-simulated-diamonds,"maysun-white-necklace-in-925-silver-with-premium-simulated-diamonds,maysun-white-gold-plated-bracelet-in-925-silver-with-premium-simulated-diamonds,maysun-white-ring-in-925-silver-with-premium-simulated-diamonds,aya-shine-dragon-design-multicolor-bangle-in-925-silver-with-high-quality-simulated-diamonds"
maysun-pink-gold-plated-925-silver-earrings-with-premium-simulated-diamonds-1,"maysun-pink-necklace-in-925-silver-with-premium-simulated-diamonds,maysun-pink-gold-plated-bracelet-in-925-silver-with-premium-simulated-diamonds,maysun-pink-ring-in-925-silver-with-premium-simulated-diamonds,omnia-areej-gold-plated-copper-bangle-with-high-quality-simulated-diamonds"
maysun-pink-gold-plated-925-silver-earrings-with-premium-simulated-diamonds,"maysun-pink-necklace-in-925-silver-with-premium-simulated-diamonds,maysun-pink-gold-plated-bracelet-in-925-silver-with-premium-simulated-diamonds,maysun-pink-ring-in-925-silver-with-premium-simulated-diamonds,omnia-areej-gold-plated-copper-bangle-with-high-quality-simulated-diamonds"
maysun-baby-blue-gold-plated-925-silver-earrings-with-premium-simulated-diamonds,"maysun-baby-blue-necklace-in-925-silver-with-premium-simulated-diamonds,maysun-baby-blue-gold-plated-bracelet-in-925-silver-with-premium-simulated-diamonds,maysun-baby-blue-gold-plated-ring-in-925-silver-with-premium-simulated-diamonds,omnia-areej-gold-plated-copper-bangle-with-high-quality-simulated-diamonds"
omnia-nadia-green-and-white-silver-stud-earrings-in-925-silver-high-quality-simulated-diamond-stones,"omnia-nadia-green-and-white-silver-with-real-fresh-pearl-long-chain-necklace-in-925-silver-high-quality-simulated-diamond-stones,omnia-thara-green-and-white-silver-bracelet-in-925-silver-high-quality-simulated-diamonds-stones,aryana-white-emerald-cut-ring-in-925-silver-with-high-quality-simulated-diamonds,omnia-riyana-green-and-gold-flower-brooch-in-925-silver-high-quality-simulated-diamond-stones"
omnia-lulwaan-silver-heart-shape-necklace-in-925-silver-high-quality-grc-certifited-red-lab-grown-ruby-stones,"omnia-lulwaan-silver-heart-earrings-in-925-silver-high-quality-grc-certifited-red-lab-grown-ruby-stones,omnia-lulwaan-silver-heart-ring-in-925-silver-high-quality-grc-certifited-red-lab-grown-ruby-stones,omnia-mahasin-red-bracelet-925-silver-certified-in-high-quality-lab-grown-ruby-stone,isalyn-ruby-red-bangle-with-high-quality-premium-simulated-diamonds-in-925-sterling-silver"
bettina-blue-necklace-925-silver-in-high-quality-simulated-diamonds,"bettina-blue-drop-earrings-in-925-silver-with-high-quality-simulated-diamonds,omnia-louise-blue-bracelet-in-92-5-silver-high-quality-simulated-diamonds,abla-blue-floral-ring-in-925-silver-with-marquise-and-pear-cut-high-quality-simulated-diamonds,alani-baby-blue-brooch-with-certified-high-quality-premium-simulated-diamonds-in-925-sterling-silver"
sireesha-elegant-yellow-cluster-pendant-necklace-in-925-sterling-silver-with-premium-cubic-zirconia,"sireesha-elegant-yellow-cluster-clip-on-earrings-in-925-sterling-silver-with-premium-cubic-zirconia,taleeda-yellow-pear-cut-ring-in-925-silver-with-high-quality-simulated-diamonds,omnia-asiya-yellow-bracelet-in-92-5-silver-high-quality-simulated-diamonds,kaylie-orange-tiger-brooch-with-high-quality-simulated-diamonds-in-925-silver"
sireesha-elegant-silver-cluster-pendant-necklace-in-925-sterling-silver-with-premium-cubic-zirconia,"sireesha-elegant-silver-cluster-clip-on-earrings-in-925-sterling-silver-with-premium-cubic-zirconia,taleeda-yellow-pear-cut-ring-in-925-silver-with-high-quality-simulated-diamonds,eleniya-vintage-royal-pearl-and-pink-diamond-fringe-drop-bracelet-with-premium-simulated-diamonds-in-925-sterling-silver,aya-shine-dragon-design-multicolor-bangle-in-925-silver-with-high-quality-simulated-diamonds"
sireesha-elegant-blue-cluster-pendant-necklace-in-925-sterling-silver-with-premium-cubic-zirconia,"sireesha-elegant-blue-cluster-clip-on-earrings-in-925-sterling-silver-with-premium-cubic-zirconia,taleeda-yellow-pear-cut-ring-in-925-silver-with-high-quality-simulated-diamonds,omnia-louise-blue-bracelet-in-92-5-silver-high-quality-simulated-diamonds,alani-baby-blue-brooch-with-certified-high-quality-premium-simulated-diamonds-in-925-sterling-silver"
samiha-green-heart-necklace-in-925-silver-high-quality-simulated-diamonds,"samiha-green-heart-earrings-in-925-silver-high-quality-simulated-diamonds,omnia-maysun-bracelet-in-925-silver-high-quality-green-simulated-diamonds,adesina-green-ring-with-certified-high-quality-premium-simulated-diamonds-in-925-sterling-silver,omnia-riyana-green-and-gold-flower-brooch-in-925-silver-high-quality-simulated-diamond-stones"
daleyza-yellow-necklace-in-925-sterling-silver-with-high-quality-premium-cubic-zirconia,"daleyza-luxury-yellow-gold-925-sterling-silver-earrings-with-high-quality-premium-cubic-zirconia,marielle-pink-and-yellow-pear-cut-ring-in-925-silver-with-premium-simulated-diamond-1,omnia-asiya-yellow-bracelet-in-92-5-silver-high-quality-simulated-diamonds,kaylie-orange-tiger-brooch-with-high-quality-simulated-diamonds-in-925-silver"
louise-pink-necklace-in-925-silver-high-quality-simulated-diamonds,"omnia-louise-blue-bracelet-in-92-5-silver-high-quality-simulated-diamonds,omnia-ahram-pink-coral-flower-silver-drop-earrings-in-925-silver-high-quality-white-simulated-diamond-stones,marielle-pink-and-yellow-pear-cut-ring-in-925-silver-with-premium-simulated-diamond-1,kareenah-pink-open-cuff-ring-in-925-silver-with-premium-simulated-diamonds"
thalia-blue-necklace-in-925-silver-high-quality-simulated-diamonds,"omnia-thalia-blue-ring-92-5-pure-silver-in-high-quality-simulated-diamonds,bettina-blue-drop-earrings-in-925-silver-with-high-quality-simulated-diamonds,omnia-louise-blue-bracelet-in-92-5-silver-high-quality-simulated-diamonds,alani-baby-blue-brooch-with-certified-high-quality-premium-simulated-diamonds-in-925-sterling-silver"
heart-red-necklace-925-silver-in-high-quality-simulated-diamonds,"omnia-aqua-flower-stud-earrings-in-92-5-silver-with-high-quality-simulated-diamonds,omnia-silver-rose-brooch-in-92-5-silver-with-high-quality-simulated-diamonds,ayeisa-woven-red-leather-bracelet-with-certified-high-quality-premium-simulated-diamonds-in-925-sterling-silver,abla-red-floral-ring-in-925-silver-with-marquise-and-pear-cut-high-quality-simulated-diamonds"
bettina-blue-drop-earrings-in-925-silver-with-high-quality-simulated-diamonds,"bettina-blue-necklace-925-silver-in-high-quality-simulated-diamonds,omnia-louise-blue-bracelet-in-92-5-silver-high-quality-simulated-diamonds,abla-blue-floral-ring-in-925-silver-with-marquise-and-pear-cut-high-quality-simulated-diamonds,alani-baby-blue-brooch-with-certified-high-quality-premium-simulated-diamonds-in-925-sterling-silver"
bettina-yellow-drop-earrings-in-925-silver-with-high-quality-simulated-diamonds,"omnia-bettina-yellow-necklace-925-silver-in-high-quality-simulated-diamonds,marielle-pink-and-yellow-pear-cut-ring-in-925-silver-with-premium-simulated-diamond-1,omnia-asiya-yellow-bracelet-in-92-5-silver-high-quality-simulated-diamonds,kaylie-orange-tiger-brooch-with-high-quality-simulated-diamonds-in-925-silver"
sireesha-elegant-silver-cluster-clip-on-earrings-in-925-sterling-silver-with-premium-cubic-zirconia,"sireesha-elegant-silver-cluster-pendant-necklace-in-925-sterling-silver-with-premium-cubic-zirconia,taleeda-yellow-pear-cut-ring-in-925-silver-with-high-quality-simulated-diamonds,eleniya-vintage-royal-pearl-and-pink-diamond-fringe-drop-bracelet-with-premium-simulated-diamonds-in-925-sterling-silver,aya-shine-dragon-design-multicolor-bangle-in-925-silver-with-high-quality-simulated-diamonds"
sireesha-elegant-yellow-cluster-clip-on-earrings-in-925-sterling-silver-with-premium-cubic-zirconia,"sireesha-elegant-yellow-cluster-pendant-necklace-in-925-sterling-silver-with-premium-cubic-zirconia,taleeda-yellow-pear-cut-ring-in-925-silver-with-high-quality-simulated-diamonds,omnia-asiya-yellow-bracelet-in-92-5-silver-high-quality-simulated-diamonds,kaylie-orange-tiger-brooch-with-high-quality-simulated-diamonds-in-925-silver"
sireesha-elegant-blue-cluster-clip-on-earrings-in-925-sterling-silver-with-premium-cubic-zirconia,"sireesha-elegant-blue-cluster-pendant-necklace-in-925-sterling-silver-with-premium-cubic-zirconia,taleeda-yellow-pear-cut-ring-in-925-silver-with-high-quality-simulated-diamonds,omnia-louise-blue-bracelet-in-92-5-silver-high-quality-simulated-diamonds,alani-baby-blue-brooch-with-certified-high-quality-premium-simulated-diamonds-in-925-sterling-silver"
samiha-green-heart-earrings-in-925-silver-high-quality-simulated-diamonds,"samiha-green-heart-necklace-in-925-silver-high-quality-simulated-diamonds,omnia-maysun-bracelet-in-925-silver-high-quality-green-simulated-diamonds,adesina-green-ring-with-certified-high-quality-premium-simulated-diamonds-in-925-sterling-silver,omnia-riyana-green-and-gold-flower-brooch-in-925-silver-high-quality-simulated-diamond-stones"
daleyza-luxury-yellow-gold-925-sterling-silver-earrings-with-high-quality-premium-cubic-zirconia,"daleyza-yellow-necklace-in-925-sterling-silver-with-high-quality-premium-cubic-zirconia,marielle-pink-and-yellow-pear-cut-ring-in-925-silver-with-premium-simulated-diamond-1,omnia-asiya-yellow-bracelet-in-92-5-silver-high-quality-simulated-diamonds,kaylie-orange-tiger-brooch-with-high-quality-simulated-diamonds-in-925-silver"
lamara-floral-inspired-earrings-in-925-silver-with-premium-iced-cut-stones,"omnia-lamara-floral-inspired-necklace-41cm-in-92-5-silver-with-high-quality-iced-cut-stones,omnia-lamara-floral-inspired-ring-in-92-5-silver-with-high-quality-iced-cut-stones,ayeisa-woven-red-leather-bracelet-with-certified-high-quality-premium-simulated-diamonds-in-925-sterling-silver,isalyn-ruby-red-bangle-with-high-quality-premium-simulated-diamonds-in-925-sterling-silver"
eiza-rose-leaf-necklace-in-925-silver-with-high-quality-simulated-diamonds,"omnia-eiza-rose-clip-earrings-with-high-quality-simulated-diamonds-in-925-silver,lorraine-white-leaf-inspired-ring-in-925-silver-with-premium-simulated-diamonds,ameliora-emerald-cut-brick-lattice-wide-bracelet-with-premium-simulated-diamonds-in-925-sterling-silver,aya-shine-dragon-design-multicolor-bangle-in-925-silver-with-high-quality-simulated-diamonds"
alara-yellow-butterfly-clip-earrings-in-925-silver-with-high-quality-simulated-diamonds,"alara-yellow-butterfly-pendant-necklace-in-925-silver-with-high-quality-simulated-diamonds,omnia-asiya-yellow-bracelet-in-92-5-silver-high-quality-simulated-diamonds,isabell-yellow-and-white-pear-cut-ring-in-925-silver-with-high-quality-simulated-diamonds,kaylie-orange-tiger-brooch-with-high-quality-simulated-diamonds-in-925-silver"
taleeda-yellow-pear-cut-ring-in-925-silver-with-high-quality-simulated-diamonds,"sireesha-elegant-yellow-cluster-clip-on-earrings-in-925-sterling-silver-with-premium-cubic-zirconia,sireesha-elegant-yellow-cluster-pendant-necklace-in-925-sterling-silver-with-premium-cubic-zirconia,omnia-asiya-yellow-bracelet-in-92-5-silver-high-quality-simulated-diamonds,kaylie-orange-tiger-brooch-with-high-quality-simulated-diamonds-in-925-silver"
alara-yellow-butterfly-pendant-necklace-in-925-silver-with-high-quality-simulated-diamonds,"alara-yellow-butterfly-clip-earrings-in-925-silver-with-high-quality-simulated-diamonds,omnia-asiya-yellow-bracelet-in-92-5-silver-high-quality-simulated-diamonds,isabell-yellow-and-white-pear-cut-ring-in-925-silver-with-high-quality-simulated-diamonds,kaylie-orange-tiger-brooch-with-high-quality-simulated-diamonds-in-925-silver"
liza-white-marquise-cut-ring-in-925-silver-with-high-quality-simulated-diamonds,"omnia-liza-gold-earrings-with-high-quality-simulated-diamonds-in-925-silver,adah-round-white-pendant-necklace-with-high-quality-simulated-diamonds-in-925-silver,omnia-anisa-white-bracelet-in-925-silver-with-high-quality-simulated-diamonds,kareenah-white-open-cuff-ring-in-925-silver-with-premium-simulated-diamonds"
omnia-maysun-ring-in-925-silver-high-quality-green-simulated-diamonds,"omnia-maysun-earrings-in-925-silver-high-quality-green-simulated-diamonds,omnia-maysun-necklace-in-925-silver-high-quality-green-simulated-diamonds,omnia-maysun-bracelet-in-925-silver-high-quality-green-simulated-diamonds,nymeria-emerald-green-brooch-with-high-quality-premium-simulated-diamonds-in-925-sterling-silver"
omnia-maysun-pure-white-earrings-in-92-5-silver-with-high-quality-simulated-diamonds,"omnia-maysun-pure-white-necklace-in-92-5-silver-with-high-quality-simulated-diamonds,omnia-maysun-pure-white-bracelet-in-92-5-silver-with-high-quality-simulated-diamonds,omnia-maysun-pure-white-ring-in-925-silver-with-high-quality-simulated-diamonds,kareenah-white-open-cuff-ring-in-925-silver-with-premium-simulated-diamonds"
omnia-maysun-pure-white-bracelet-in-92-5-silver-with-high-quality-simulated-diamonds,"omnia-maysun-pure-white-earrings-in-92-5-silver-with-high-quality-simulated-diamonds,omnia-maysun-pure-white-necklace-in-92-5-silver-with-high-quality-simulated-diamonds,omnia-maysun-pure-white-ring-in-925-silver-with-high-quality-simulated-diamonds,kareenah-white-open-cuff-ring-in-925-silver-with-premium-simulated-diamonds"
omnia-maysun-pure-white-necklace-in-92-5-silver-with-high-quality-simulated-diamonds,"omnia-maysun-pure-white-earrings-in-92-5-silver-with-high-quality-simulated-diamonds,omnia-maysun-pure-white-bracelet-in-92-5-silver-with-high-quality-simulated-diamonds,omnia-maysun-pure-white-ring-in-925-silver-with-high-quality-simulated-diamonds,kareenah-white-open-cuff-ring-in-925-silver-with-premium-simulated-diamonds"
omnia-maysun-pink-necklace-in-925-silver-with-high-quality-simulated-diamonds,"omnia-maysun-pink-earrings-in-92-5-silver-with-high-quality-simulated-diamonds,omnia-maysun-pink-bracelet-in-92-5-silver-with-high-quality-simulated-diamonds,omnia-maysun-pink-oval-ring-in-92-5-silver-with-high-quality-simulated-diamonds,kareenah-pink-open-cuff-ring-in-925-silver-with-premium-simulated-diamonds"
omnia-maysun-green-full-set-in-925-silver-high-quality-simulated-diamonds,"omnia-maysun-ring-in-925-silver-high-quality-green-simulated-diamonds,maysun-white-ring-in-925-silver-with-premium-simulated-diamonds,omnia-maysun-baby-blue-oval-ring-in-92-5-silver-with-high-quality-simulated-diamonds,omnia-maysun-pink-oval-ring-in-92-5-silver-with-high-quality-simulated-diamonds"
omnia-maysun-pink-full-set-in-925-silver-high-quality-simulated-diamonds,"omnia-maysun-pink-oval-ring-in-92-5-silver-with-high-quality-simulated-diamonds,maysun-white-ring-in-925-silver-with-premium-simulated-diamonds,omnia-maysun-baby-blue-oval-ring-in-92-5-silver-with-high-quality-simulated-diamonds,omnia-maysun-pure-white-ring-in-925-silver-with-high-quality-simulated-diamonds"
omnia-maysun-white-full-set-in-925-silver-high-quality-simulated-diamonds,"omnia-maysun-ring-in-92-5-silver-high-quality-simulated-diamonds,omnia-maysun-pure-white-ring-in-925-silver-with-high-quality-simulated-diamonds,maysun-white-ring-in-925-silver-with-premium-simulated-diamonds,omnia-maysun-baby-blue-oval-ring-in-92-5-silver-with-high-quality-simulated-diamonds"
omnia-maysun-yellow-full-set-in-925-silver-high-quality-simulated-diamonds,"omnia-maysun-ring-in-92-5-silver-high-quality-simulated-diamonds,maysun-white-ring-in-925-silver-with-premium-simulated-diamonds,omnia-maysun-baby-blue-oval-ring-in-92-5-silver-with-high-quality-simulated-diamonds,omnia-maysun-pink-oval-ring-in-92-5-silver-with-high-quality-simulated-diamonds"
henrietta-lab-grown-blue-sapphire-ring-with-grc-certificate-round-5mm-in-925-sterling-silver,"henrietta-lab-grown-blue-sapphire-earring-with-grc-certificate-round-5mm-in-925-sterling-silver,henrietta-lab-grown-blue-sapphire-pendant-with-grc-certificate-round-5mm-in-925-sterling-silver,omnia-mahasin-blue-bracelet-925-silver-certified-in-high-quality-lab-grown-sapphire-stone,alani-baby-blue-brooch-with-certified-high-quality-premium-simulated-diamonds-in-925-sterling-silver"
henrietta-lab-grown-blue-sapphire-pendant-with-grc-certificate-round-5mm-in-925-sterling-silver,"henrietta-lab-grown-blue-sapphire-earring-with-grc-certificate-round-5mm-in-925-sterling-silver,henrietta-lab-grown-blue-sapphire-ring-with-grc-certificate-round-5mm-in-925-sterling-silver,omnia-mahasin-blue-bracelet-925-silver-certified-in-high-quality-lab-grown-sapphire-stone,alani-baby-blue-brooch-with-certified-high-quality-premium-simulated-diamonds-in-925-sterling-silver"
henrietta-lab-grown-blue-sapphire-earring-with-grc-certificate-round-5mm-in-925-sterling-silver,"henrietta-lab-grown-blue-sapphire-pendant-with-grc-certificate-round-5mm-in-925-sterling-silver,henrietta-lab-grown-blue-sapphire-ring-with-grc-certificate-round-5mm-in-925-sterling-silver,omnia-mahasin-blue-bracelet-925-silver-certified-in-high-quality-lab-grown-sapphire-stone,alani-baby-blue-brooch-with-certified-high-quality-premium-simulated-diamonds-in-925-sterling-silver"
henrietta-lab-grown-red-ruby-pendant-with-grc-certificate-round-5mm-in-925-sterling-silver,"henrietta-lab-grown-red-ruby-earring-with-grc-certificate-round-5mm-in-925-sterling-silver,henrietta-lab-grown-red-ruby-ring-with-grc-certificate-round-5mm-in-925-sterling-silver,omnia-mahasin-red-bracelet-925-silver-certified-in-high-quality-lab-grown-ruby-stone,isalyn-ruby-red-bangle-with-high-quality-premium-simulated-diamonds-in-925-sterling-silver"
henrietta-lab-grown-red-ruby-earring-with-grc-certificate-round-5mm-in-925-sterling-silver,"henrietta-lab-grown-red-ruby-pendant-with-grc-certificate-round-5mm-in-925-sterling-silver,henrietta-lab-grown-red-ruby-ring-with-grc-certificate-round-5mm-in-925-sterling-silver,omnia-mahasin-red-bracelet-925-silver-certified-in-high-quality-lab-grown-ruby-stone,isalyn-ruby-red-bangle-with-high-quality-premium-simulated-diamonds-in-925-sterling-silver"
henrietta-lab-grown-red-ruby-ring-with-grc-certificate-round-5mm-in-925-sterling-silver,"henrietta-lab-grown-red-ruby-earring-with-grc-certificate-round-5mm-in-925-sterling-silver,henrietta-lab-grown-red-ruby-pendant-with-grc-certificate-round-5mm-in-925-sterling-silver,omnia-mahasin-red-bracelet-925-silver-certified-in-high-quality-lab-grown-ruby-stone,isalyn-ruby-red-bangle-with-high-quality-premium-simulated-diamonds-in-925-sterling-silver"
rachel-lab-grown-paraiba-pendant-with-grc-certificate-oval-6x8mm-in-925-sterling-silver,"rachel-lab-grown-paraiba-earring-with-grc-certificate-oval-6x8mm-in-925-sterling-silver,rachel-lab-grown-paraiba-ring-with-grc-certificate-oval-6x8mm-in-925-sterling-silver,ameliora-emerald-cut-brick-lattice-wide-bracelet-with-premium-simulated-diamonds-in-925-sterling-silver,aya-shine-dragon-design-multicolor-bangle-in-925-silver-with-high-quality-simulated-diamonds"
rachel-lab-grown-paraiba-ring-with-grc-certificate-oval-6x8mm-in-925-sterling-silver,"rachel-lab-grown-paraiba-earring-with-grc-certificate-oval-6x8mm-in-925-sterling-silver,rachel-lab-grown-paraiba-pendant-with-grc-certificate-oval-6x8mm-in-925-sterling-silver,ameliora-emerald-cut-brick-lattice-wide-bracelet-with-premium-simulated-diamonds-in-925-sterling-silver,aya-shine-dragon-design-multicolor-bangle-in-925-silver-with-high-quality-simulated-diamonds"
rachel-lab-grown-paraiba-earring-with-grc-certificate-oval-6x8mm-in-925-sterling-silver,"rachel-lab-grown-paraiba-pendant-with-grc-certificate-oval-6x8mm-in-925-sterling-silver,rachel-lab-grown-paraiba-ring-with-grc-certificate-oval-6x8mm-in-925-sterling-silver,ameliora-emerald-cut-brick-lattice-wide-bracelet-with-premium-simulated-diamonds-in-925-sterling-silver,aya-shine-dragon-design-multicolor-bangle-in-925-silver-with-high-quality-simulated-diamonds"
kaitlynn-lab-grown-paraiba-pendant-with-grc-certificate-oval-7-9mm-in-925-sterling-silver,"kaitlynn-lab-grown-paraiba-earrings-with-grc-certificate-oval-7-9mm-in-925-sterling-silver,kaitlynn-lab-grown-pink-ring-with-grc-certificate-oval-7-9mm-in-925-sterling-silver,ameliora-emerald-cut-brick-lattice-wide-bracelet-with-premium-simulated-diamonds-in-925-sterling-silver,aya-shine-dragon-design-multicolor-bangle-in-925-silver-with-high-quality-simulated-diamonds"
kaitlynn-lab-grown-pink-pendant-with-grc-certificate-oval-7-9mm-in-925-sterling-silver,"kaitlynn-lab-grown-pink-earrings-with-grc-certificate-oval-7-9mm-in-925-sterling-silver,kaitlynn-lab-grown-pink-ring-with-grc-certificate-oval-7-9mm-in-925-sterling-silver,eleniya-vintage-royal-pearl-and-pink-diamond-fringe-drop-bracelet-with-premium-simulated-diamonds-in-925-sterling-silver,kareenah-pink-open-cuff-ring-in-925-silver-with-premium-simulated-diamonds"
kaitlynn-lab-grown-pink-ring-with-grc-certificate-oval-7-9mm-in-925-sterling-silver,"kaitlynn-lab-grown-pink-earrings-with-grc-certificate-oval-7-9mm-in-925-sterling-silver,kaitlynn-lab-grown-pink-pendant-with-grc-certificate-oval-7-9mm-in-925-sterling-silver,eleniya-vintage-royal-pearl-and-pink-diamond-fringe-drop-bracelet-with-premium-simulated-diamonds-in-925-sterling-silver,kareenah-pink-open-cuff-ring-in-925-silver-with-premium-simulated-diamonds"
rosalie-lab-grown-red-ruby-pear-cut-ring-6x9mm-with-grc-certificate-in-925-sterling-silver,"carolina-lab-grown-red-ruby-earrings-with-grc-certificate-pear-6-9mm-in-925-sterling-silver,carolina-lab-grown-red-ruby-necklace-with-grc-certificate-in-925-sterling-silver,omnia-mahasin-red-bracelet-925-silver-certified-in-high-quality-lab-grown-ruby-stone,isalyn-ruby-red-bangle-with-high-quality-premium-simulated-diamonds-in-925-sterling-silver"
kaitlynn-lab-grown-pink-earrings-with-grc-certificate-oval-7-9mm-in-925-sterling-silver,"kaitlynn-lab-grown-pink-pendant-with-grc-certificate-oval-7-9mm-in-925-sterling-silver,kaitlynn-lab-grown-pink-ring-with-grc-certificate-oval-7-9mm-in-925-sterling-silver,eleniya-vintage-royal-pearl-and-pink-diamond-fringe-drop-bracelet-with-premium-simulated-diamonds-in-925-sterling-silver,kareenah-pink-open-cuff-ring-in-925-silver-with-premium-simulated-diamonds"
kaitlynn-lab-grown-paraiba-earrings-with-grc-certificate-oval-7-9mm-in-925-sterling-silver,"kaitlynn-lab-grown-paraiba-pendant-with-grc-certificate-oval-7-9mm-in-925-sterling-silver,kaitlynn-lab-grown-pink-ring-with-grc-certificate-oval-7-9mm-in-925-sterling-silver,ameliora-emerald-cut-brick-lattice-wide-bracelet-with-premium-simulated-diamonds-in-925-sterling-silver,aya-shine-dragon-design-multicolor-bangle-in-925-silver-with-high-quality-simulated-diamonds"
carolina-lab-grown-red-ruby-earrings-with-grc-certificate-pear-6-9mm-in-925-sterling-silver,"carolina-lab-grown-red-ruby-necklace-with-grc-certificate-in-925-sterling-silver,rosalie-lab-grown-red-ruby-pear-cut-ring-6x9mm-with-grc-certificate-in-925-sterling-silver,omnia-mahasin-red-bracelet-925-silver-certified-in-high-quality-lab-grown-ruby-stone,isalyn-ruby-red-bangle-with-high-quality-premium-simulated-diamonds-in-925-sterling-silver"
aubrianna-synthetic-green-stone-pendant-emerald-cut-6-8mm-in-925-sterling-silver,"aubrianna-synthetic-green-stone-earrings-emerald-cut-6-8mm-in-925-sterling-silver,omnia-mahasin-green-bracelet-925-silver-certified-in-high-quality-lab-grown-emerald-stone,omnia-damiyah-emerald-green-floral-silver-ring-in-925-silver-with-high-quality-simulated-diamonds,nymeria-emerald-green-brooch-with-high-quality-premium-simulated-diamonds-in-925-sterling-silver"
aubrianna-synthetic-green-stone-earrings-emerald-cut-6-8mm-in-925-sterling-silver,"aubrianna-synthetic-green-stone-pendant-emerald-cut-6-8mm-in-925-sterling-silver,omnia-mahasin-green-bracelet-925-silver-certified-in-high-quality-lab-grown-emerald-stone,omnia-damiyah-emerald-green-floral-silver-ring-in-925-silver-with-high-quality-simulated-diamonds,nymeria-emerald-green-brooch-with-high-quality-premium-simulated-diamonds-in-925-sterling-silver"
janiya-blue-lab-grown-sapphire-ring-with-grc-certificate-heart-6-6mm-in-925-sterling-silver,"janiya-blue-lab-grown-sapphire-pendant-with-grc-certificate-heart-6-6mm-in-925-sterling-silver,omnia-mahasin-blue-heart-shape-earrings-925-silver-certified-in-high-quality-lab-grown-sapphire-stone,omnia-mahasin-blue-bracelet-925-silver-certified-in-high-quality-lab-grown-sapphire-stone,alani-baby-blue-brooch-with-certified-high-quality-premium-simulated-diamonds-in-925-sterling-silver"
janiya-blue-lab-grown-sapphire-pendant-with-grc-certificate-heart-6-6mm-in-925-sterling-silver,"janiya-blue-lab-grown-sapphire-ring-with-grc-certificate-heart-6-6mm-in-925-sterling-silver,omnia-mahasin-blue-heart-shape-earrings-925-silver-certified-in-high-quality-lab-grown-sapphire-stone,omnia-mahasin-blue-bracelet-925-silver-certified-in-high-quality-lab-grown-sapphire-stone,alani-baby-blue-brooch-with-certified-high-quality-premium-simulated-diamonds-in-925-sterling-silver"
amani-gold-luxury-bridal-full-set-in-high-quality-zircon-stone-rhodium-plated,"omnia-amani-chandelier-earrings-with-emerald-green-simulated-diamonds-in-92-5-silver,omnia-amani-chandelier-earrings-with-ruby-red-simulated-diamonds-in-925-silver,omnia-amani-chandelier-earrings-with-sapphire-blue-simulated-diamonds-in-925-silver,abla-blue-floral-ring-in-925-silver-with-marquise-and-pear-cut-high-quality-simulated-diamonds"
samiha-purple-heart-necklace-in-925-silver-high-quality-simulated-diamonds,"samiha-purple-heart-earrings-in-925-silver-high-quality-simulated-diamonds,omnia-faryal-oval-purple-stone-ring-in-92-5-silver-with-high-quality-simulated-diamonds,omnia-zenah-white-bangle-with-high-quality-simulated-diamonds-in-925-silver,omnia-sia-pink-coral-floral-brooch-in-925-silver-high-quality-purple-and-white-simulated-diamonds"
omnia-dhuriyyah-golden-spiral-ring-in-925-silver-with-high-quality-green-simulated-diamonds,"omnia-dhuriyyah-golden-spiral-stud-earrings-in-925-silver-with-high-quality-green-simulated-diamonds,aretha-green-necklace-with-certified-premium-simulated-diamonds-in-925-sterling-silver,omnia-maysun-bracelet-in-925-silver-high-quality-green-simulated-diamonds,nymeria-emerald-green-brooch-with-high-quality-premium-simulated-diamonds-in-925-sterling-silver"
samiha-heart-design-yellow-earrings-in-925-silver-high-quality-simulated-diamonds,"samiha-purple-heart-necklace-in-925-silver-high-quality-simulated-diamonds,omnia-dual-heart-ring-in-92-5-silver-with-high-quality-yellow-and-pink-simulated-diamonds,omnia-asiya-yellow-bracelet-in-92-5-silver-high-quality-simulated-diamonds,kaylie-orange-tiger-brooch-with-high-quality-simulated-diamonds-in-925-silver"
omnia-dhuriyyah-golden-spiral-stud-earrings-in-925-silver-with-high-quality-green-simulated-diamonds,"omnia-dhuriyyah-golden-spiral-ring-in-925-silver-with-high-quality-green-simulated-diamonds,aretha-green-necklace-with-certified-premium-simulated-diamonds-in-925-sterling-silver,omnia-maysun-bracelet-in-925-silver-high-quality-green-simulated-diamonds,nymeria-emerald-green-brooch-with-high-quality-premium-simulated-diamonds-in-925-sterling-silver"
abla-red-floral-ring-in-925-silver-with-marquise-and-pear-cut-high-quality-simulated-diamonds,"abla-white-floral-drop-earrings-in-925-silver-with-marquise-and-pear-cut-high-quality-simulated-diamonds-copy,gwen-floral-red-and-white-pendant-necklace-with-high-quality-simulated-diamonds-in-925-silver-1,ayeisa-woven-red-leather-bracelet-with-certified-high-quality-premium-simulated-diamonds-in-925-sterling-silver,isalyn-ruby-red-bangle-with-high-quality-premium-simulated-diamonds-in-925-sterling-silver"
abla-blue-floral-ring-in-925-silver-with-marquise-and-pear-cut-high-quality-simulated-diamonds,"abla-red-floral-drop-earrings-in-925-silver-with-marquise-and-pear-cut-high-quality-simulated-diamonds-copy,jillian-floral-blue-and-white-pendant-necklace-with-high-quality-simulated-diamonds-in-925-silver,omnia-louise-blue-bracelet-in-92-5-silver-high-quality-simulated-diamonds,alani-baby-blue-brooch-with-certified-high-quality-premium-simulated-diamonds-in-925-sterling-silver"
abla-red-floral-drop-earrings-in-925-silver-with-marquise-and-pear-cut-high-quality-simulated-diamonds-copy,"abla-blue-floral-ring-in-925-silver-with-marquise-and-pear-cut-high-quality-simulated-diamonds,jillian-floral-blue-and-white-pendant-necklace-with-high-quality-simulated-diamonds-in-925-silver,omnia-louise-blue-bracelet-in-92-5-silver-high-quality-simulated-diamonds,alani-baby-blue-brooch-with-certified-high-quality-premium-simulated-diamonds-in-925-sterling-silver"
abla-white-floral-drop-earrings-in-925-silver-with-marquise-and-pear-cut-high-quality-simulated-diamonds-copy,"abla-red-floral-ring-in-925-silver-with-marquise-and-pear-cut-high-quality-simulated-diamonds,gwen-floral-red-and-white-pendant-necklace-with-high-quality-simulated-diamonds-in-925-silver-1,ayeisa-woven-red-leather-bracelet-with-certified-high-quality-premium-simulated-diamonds-in-925-sterling-silver,isalyn-ruby-red-bangle-with-high-quality-premium-simulated-diamonds-in-925-sterling-silver"
omnia-thalia-green-ring-in-92-5-silver-high-quality-simulated-diamonds,"omnia-thalia-green-necklace-in-92-5-silver-high-quality-simulated-diamonds,astella-green-earrings-with-certified-high-quality-premium-simulated-diamonds-in-925-sterling-silver,omnia-maysun-bracelet-in-925-silver-high-quality-green-simulated-diamonds,nymeria-emerald-green-brooch-with-high-quality-premium-simulated-diamonds-in-925-sterling-silver"
omnia-thalia-red-ring-92-5-silver-in-high-quality-simulated-diamonds,"omnia-thalia-green-necklace-in-92-5-silver-high-quality-simulated-diamonds,abla-white-floral-drop-earrings-in-925-silver-with-marquise-and-pear-cut-high-quality-simulated-diamonds-copy,ayeisa-woven-red-leather-bracelet-with-certified-high-quality-premium-simulated-diamonds-in-925-sterling-silver,isalyn-ruby-red-bangle-with-high-quality-premium-simulated-diamonds-in-925-sterling-silver"
omnia-thalia-blue-ring-92-5-pure-silver-in-high-quality-simulated-diamonds,"thalia-blue-necklace-in-925-silver-high-quality-simulated-diamonds,abir-blue-drop-earrings-with-premium-simulated-diamonds-in-925-sterling-silver,omnia-louise-blue-bracelet-in-92-5-silver-high-quality-simulated-diamonds,alani-baby-blue-brooch-with-certified-high-quality-premium-simulated-diamonds-in-925-sterling-silver"
omnia-israa-yellow-necklace-in-92-5-silver-high-quality-simulated-diamonds,"omnia-israa-yellow-chandelier-earrings-in-92-5-silver-high-quality-simulated-diamonds,omnia-asiya-yellow-bracelet-in-92-5-silver-high-quality-simulated-diamonds,isabell-yellow-and-white-pear-cut-ring-in-925-silver-with-high-quality-simulated-diamonds,kaylie-orange-tiger-brooch-with-high-quality-simulated-diamonds-in-925-silver"
omnia-louise-red-necklace-92-5-silver-in-high-quality-simulated-diamonds,"omnia-louise-blue-bracelet-in-92-5-silver-high-quality-simulated-diamonds,abla-white-floral-drop-earrings-in-925-silver-with-marquise-and-pear-cut-high-quality-simulated-diamonds-copy,abla-red-floral-ring-in-925-silver-with-marquise-and-pear-cut-high-quality-simulated-diamonds,isalyn-ruby-red-bangle-with-high-quality-premium-simulated-diamonds-in-925-sterling-silver"
omnia-louise-sky-blue-necklace-in-92-5-silver-high-quality-simulated-diamonds,"omnia-louise-sky-blue-bracelet-in-92-5-silver-high-quality-simulated-diamonds,abir-blue-drop-earrings-with-premium-simulated-diamonds-in-925-sterling-silver,abla-blue-floral-ring-in-925-silver-with-marquise-and-pear-cut-high-quality-simulated-diamonds,alani-baby-blue-brooch-with-certified-high-quality-premium-simulated-diamonds-in-925-sterling-silver"
omnia-thalia-green-necklace-in-92-5-silver-high-quality-simulated-diamonds,"omnia-thalia-green-ring-in-92-5-silver-high-quality-simulated-diamonds,astella-green-earrings-with-certified-high-quality-premium-simulated-diamonds-in-925-sterling-silver,omnia-maysun-bracelet-in-925-silver-high-quality-green-simulated-diamonds,nymeria-emerald-green-brooch-with-high-quality-premium-simulated-diamonds-in-925-sterling-silver"
omnia-thalia-pink-necklace-in-92-5-silver-high-quality-simulated-diamonds,"omnia-thalia-pink-cushion-ring-in-92-5-silver-with-high-quality-simulated-diamonds,nataly-pink-flower-design-earrings-with-high-quality-simulated-diamonds-in-925-silver,eleniya-vintage-royal-pearl-and-pink-diamond-fringe-drop-bracelet-with-premium-simulated-diamonds-in-925-sterling-silver,kareenah-pink-open-cuff-ring-in-925-silver-with-premium-simulated-diamonds"
omnia-thalia-yellow-necklace-in-92-5-silver-high-quality-simulated-diamonds,"omnia-thalia-blue-ring-92-5-pure-silver-in-high-quality-simulated-diamonds,alara-yellow-butterfly-clip-earrings-in-925-silver-with-high-quality-simulated-diamonds,omnia-asiya-yellow-bracelet-in-92-5-silver-high-quality-simulated-diamonds,kaylie-orange-tiger-brooch-with-high-quality-simulated-diamonds-in-925-silver"
omnia-israa-green-chandelier-earrings-in-92-5-silver-high-quality-simulated-diamonds,"omnia-israh-green-necklace-in-92-5-silver-high-quality-simulated-diamonds,omnia-maysun-bracelet-in-925-silver-high-quality-green-simulated-diamonds,adesina-green-ring-with-certified-high-quality-premium-simulated-diamonds-in-925-sterling-silver,nymeria-emerald-green-brooch-with-high-quality-premium-simulated-diamonds-in-925-sterling-silver"
omnia-israa-pink-chandelier-earrings-in-92-5-silver-high-quality-simulated-diamonds,"omnia-israa-pink-necklace-in-92-5-silver-high-quality-simulated-diamonds,eleniya-vintage-royal-pearl-and-pink-diamond-fringe-drop-bracelet-with-premium-simulated-diamonds-in-925-sterling-silver,annie-pink-ring-with-certified-premium-simulated-diamonds-in-925-sterling-silver,kareenah-pink-open-cuff-ring-in-925-silver-with-premium-simulated-diamonds"
omnia-israa-yellow-chandelier-earrings-in-92-5-silver-high-quality-simulated-diamonds,"omnia-israa-yellow-necklace-in-92-5-silver-high-quality-simulated-diamonds,omnia-asiya-yellow-bracelet-in-92-5-silver-high-quality-simulated-diamonds,isabell-yellow-and-white-pear-cut-ring-in-925-silver-with-high-quality-simulated-diamonds,kaylie-orange-tiger-brooch-with-high-quality-simulated-diamonds-in-925-silver"
omnia-israa-blue-chandelier-earrings-in-92-5-silver-high-quality-simulated-diamonds,"omnia-israa-blue-necklace-in-92-5-silver-high-quality-simulated-diamonds,omnia-louise-blue-bracelet-in-92-5-silver-high-quality-simulated-diamonds,abla-blue-floral-ring-in-925-silver-with-marquise-and-pear-cut-high-quality-simulated-diamonds,alani-baby-blue-brooch-with-certified-high-quality-premium-simulated-diamonds-in-925-sterling-silver"
mashael-blue-flower-cut-pendant-necklace-with-high-quality-simulated-diamonds-in-925-silver,"omnia-mashael-sky-blue-silver-ring-925-silver-in-high-quality-simulated-diamonds,omnia-mashael-emerald-oval-cut-stud-earrings-in-92-5-silver-with-high-quality-simulated-diamonds,omnia-louise-blue-bracelet-in-92-5-silver-high-quality-simulated-diamonds,alani-baby-blue-brooch-with-certified-high-quality-premium-simulated-diamonds-in-925-sterling-silver"
adah-round-white-pendant-necklace-with-high-quality-simulated-diamonds-in-925-silver,"adah-round-white-earrings-with-high-quality-simulated-diamonds-in-925-silver,omnia-anisa-white-bracelet-in-925-silver-with-high-quality-simulated-diamonds,amor-white-cushion-cut-ring-in-925-silver-with-high-quality-simulated-diamonds,kareenah-white-open-cuff-ring-in-925-silver-with-premium-simulated-diamonds"
adah-round-white-earrings-with-high-quality-simulated-diamonds-in-925-silver,"adah-round-white-pendant-necklace-with-high-quality-simulated-diamonds-in-925-silver,omnia-anisa-white-bracelet-in-925-silver-with-high-quality-simulated-diamonds,amor-white-cushion-cut-ring-in-925-silver-with-high-quality-simulated-diamonds,kareenah-white-open-cuff-ring-in-925-silver-with-premium-simulated-diamonds"
omnia-golden-clove-turquise-choker-full-set-with-high-quality-simulated-diamonds-gold-plated,"omnia-golden-clove-ring-with-high-quality-simulated-diamonds-gold-plated,omnia-golden-clove-stud-earrings-with-high-quality-simulated-diamonds-gold-plated,omnia-golden-clove-bracelet-with-high-quality-simulated-diamonds-gold-plated,maysun-baby-blue-gold-plated-ring-in-925-silver-with-premium-simulated-diamonds"
omnia-shayna-green-and-white-real-preal-drop-earrings-with-high-quality-simulated-diamonds-in-925-silver,"omnia-shayna-green-and-white-real-preal-necklace-with-high-quality-simulated-diamonds-in-925-silver,omnia-thara-green-and-white-silver-bracelet-in-925-silver-high-quality-simulated-diamonds-stones,aryana-white-emerald-cut-ring-in-925-silver-with-high-quality-simulated-diamonds,kareenah-white-open-cuff-ring-in-925-silver-with-premium-simulated-diamonds"
omnia-malaika-pink-coral-floral-earrings-with-high-quality-simulated-diamonds-in-925-silver,"malaika-imperial-red-gemstone-ring-with-certified-high-quality-premium-simulated-diamonds-in-925-sterling-silver,omnia-asiya-pink-necklace-92-5-silver-in-high-quality-simulated-diamonds,eleniya-vintage-royal-pearl-and-pink-diamond-fringe-drop-bracelet-with-premium-simulated-diamonds-in-925-sterling-silver,kareenah-pink-open-cuff-ring-in-925-silver-with-premium-simulated-diamonds"
omnia-dayana-leaf-drop-earrings-with-high-quality-simulated-diamonds-in-925-silver,"omnia-dayana-gold-and-silver-pendant-necklace-in-925-silver-in-high-quality-simulated-diamonds,lorraine-white-leaf-inspired-ring-in-925-silver-with-premium-simulated-diamonds,ameliora-emerald-cut-brick-lattice-wide-bracelet-with-premium-simulated-diamonds-in-925-sterling-silver,aya-shine-dragon-design-multicolor-bangle-in-925-silver-with-high-quality-simulated-diamonds"
omnia-emoni-blue-spinel-pendant-necklace-with-high-quality-certified-lab-crafted-stones-in-925-silver,"emoni-blue-pear-cut-certified-lab-crafted-earrings-with-high-quality-925-silver,emoni-blue-pear-cut-certified-lab-crafted-ring-with-high-quality-925-silver,omnia-louise-blue-bracelet-in-92-5-silver-high-quality-simulated-diamonds,alani-baby-blue-brooch-with-certified-high-quality-premium-simulated-diamonds-in-925-sterling-silver"
kiana-yellow-flower-design-earrings-with-high-quality-simulated-diamonds-in-925-silver,"kiana-yellow-flower-design-pendant-necklace-with-high-quality-simulated-diamonds-in-925-silver,kiana-yellow-flower-design-ring-with-high-quality-simulated-diamonds-in-925-silver,omnia-asiya-yellow-bracelet-in-92-5-silver-high-quality-simulated-diamonds,kaylie-orange-tiger-brooch-with-high-quality-simulated-diamonds-in-925-silver"
kiana-yellow-flower-design-pendant-necklace-with-high-quality-simulated-diamonds-in-925-silver,"kiana-yellow-flower-design-earrings-with-high-quality-simulated-diamonds-in-925-silver,kiana-yellow-flower-design-ring-with-high-quality-simulated-diamonds-in-925-silver,omnia-asiya-yellow-bracelet-in-92-5-silver-high-quality-simulated-diamonds,kaylie-orange-tiger-brooch-with-high-quality-simulated-diamonds-in-925-silver"
irene-white-pear-ring-with-high-quality-simulated-diamonds-in-925-silver,"irene-white-pear-drop-earrings-with-high-quality-simulated-diamonds-in-925-silver,irene-white-pear-pendant-necklace-with-high-quality-simulated-diamonds-in-925-silver,omnia-anisa-white-bracelet-in-925-silver-with-high-quality-simulated-diamonds,kareenah-white-open-cuff-ring-in-925-silver-with-premium-simulated-diamonds"
irene-white-pear-pendant-necklace-with-high-quality-simulated-diamonds-in-925-silver,"irene-white-pear-drop-earrings-with-high-quality-simulated-diamonds-in-925-silver,irene-white-pear-ring-with-high-quality-simulated-diamonds-in-925-silver,omnia-anisa-white-bracelet-in-925-silver-with-high-quality-simulated-diamonds,kareenah-white-open-cuff-ring-in-925-silver-with-premium-simulated-diamonds"
irene-white-pear-drop-earrings-with-high-quality-simulated-diamonds-in-925-silver,"irene-white-pear-pendant-necklace-with-high-quality-simulated-diamonds-in-925-silver,irene-white-pear-ring-with-high-quality-simulated-diamonds-in-925-silver,omnia-anisa-white-bracelet-in-925-silver-with-high-quality-simulated-diamonds,kareenah-white-open-cuff-ring-in-925-silver-with-premium-simulated-diamonds"
teresa-green-and-white-pendant-necklace-with-high-quality-simulated-diamonds-in-925-silver,"teresa-green-and-white-earrings-with-high-quality-simulated-diamonds-in-925-silver,teresa-yellow-and-white-ring-with-high-quality-simulated-diamonds-in-925-silver,omnia-thara-green-and-white-silver-bracelet-in-925-silver-high-quality-simulated-diamonds-stones,kareenah-white-open-cuff-ring-in-925-silver-with-premium-simulated-diamonds"
teresa-green-and-white-earrings-with-high-quality-simulated-diamonds-in-925-silver,"teresa-green-and-white-pendant-necklace-with-high-quality-simulated-diamonds-in-925-silver,teresa-yellow-and-white-ring-with-high-quality-simulated-diamonds-in-925-silver,omnia-thara-green-and-white-silver-bracelet-in-925-silver-high-quality-simulated-diamonds-stones,kareenah-white-open-cuff-ring-in-925-silver-with-premium-simulated-diamonds"
jillian-floral-blue-and-white-earrings-with-high-quality-simulated-diamonds-in-925-silver,"jillian-floral-blue-and-white-pendant-necklace-with-high-quality-simulated-diamonds-in-925-silver,isabell-blue-and-white-pear-cut-ring-in-925-silver-with-high-quality-simulated-diamonds,omnia-louise-blue-bracelet-in-92-5-silver-high-quality-simulated-diamonds,kareenah-white-open-cuff-ring-in-925-silver-with-premium-simulated-diamonds"
jillian-floral-blue-and-white-pendant-necklace-with-high-quality-simulated-diamonds-in-925-silver,"jillian-floral-blue-and-white-earrings-with-high-quality-simulated-diamonds-in-925-silver,isabell-blue-and-white-pear-cut-ring-in-925-silver-with-high-quality-simulated-diamonds,omnia-louise-blue-bracelet-in-92-5-silver-high-quality-simulated-diamonds,kareenah-white-open-cuff-ring-in-925-silver-with-premium-simulated-diamonds"
teresa-yellow-and-white-ring-with-high-quality-simulated-diamonds-in-925-silver,"teresa-green-and-white-earrings-with-high-quality-simulated-diamonds-in-925-silver,teresa-green-and-white-pendant-necklace-with-high-quality-simulated-diamonds-in-925-silver,omnia-faila-white-and-yellow-bracelet-with-high-quality-simulated-diamonds-in-925-silver,kareenah-white-open-cuff-ring-in-925-silver-with-premium-simulated-diamonds"
kiana-yellow-flower-design-ring-with-high-quality-simulated-diamonds-in-925-silver,"kiana-yellow-flower-design-earrings-with-high-quality-simulated-diamonds-in-925-silver,kiana-yellow-flower-design-pendant-necklace-with-high-quality-simulated-diamonds-in-925-silver,omnia-asiya-yellow-bracelet-in-92-5-silver-high-quality-simulated-diamonds,kaylie-orange-tiger-brooch-with-high-quality-simulated-diamonds-in-925-silver"
omnia-shayna-green-and-white-real-preal-necklace-with-high-quality-simulated-diamonds-in-925-silver,"omnia-shayna-green-and-white-real-preal-drop-earrings-with-high-quality-simulated-diamonds-in-925-silver,omnia-thara-green-and-white-silver-bracelet-in-925-silver-high-quality-simulated-diamonds-stones,aryana-white-emerald-cut-ring-in-925-silver-with-high-quality-simulated-diamonds,kareenah-white-open-cuff-ring-in-925-silver-with-premium-simulated-diamonds"
emoni-blue-pear-cut-certified-lab-crafted-earrings-with-high-quality-925-silver,"emoni-blue-pear-cut-certified-lab-crafted-ring-with-high-quality-925-silver,omnia-emoni-blue-spinel-pendant-necklace-with-high-quality-certified-lab-crafted-stones-in-925-silver,omnia-louise-blue-bracelet-in-92-5-silver-high-quality-simulated-diamonds,alani-baby-blue-brooch-with-certified-high-quality-premium-simulated-diamonds-in-925-sterling-silver"
elana-white-and-blue-floral-certified-lab-crafted-pendant-necklace-with-high-quality-925-silver,"omnia-elana-white-and-blue-floral-earrings-with-high-quality-certified-lab-crafted-stones-in-925-silver-3ct,isabell-blue-and-white-pear-cut-ring-in-925-silver-with-high-quality-simulated-diamonds,omnia-louise-blue-bracelet-in-92-5-silver-high-quality-simulated-diamonds,kareenah-white-open-cuff-ring-in-925-silver-with-premium-simulated-diamonds"
angie-white-certified-lab-crafted-hoop-earrings-with-high-quality-925-silver,"angie-ring-with-certified-premium-simulated-diamonds-in-925-sterling-silver,adah-round-white-pendant-necklace-with-high-quality-simulated-diamonds-in-925-silver,bahja-golden-white-moissanite-with-gra-certified-bracelet-in-925-silver-rd4-5mm,kareenah-white-open-cuff-ring-in-925-silver-with-premium-simulated-diamonds"
emoni-blue-pear-cut-certified-lab-crafted-ring-with-high-quality-925-silver,"emoni-blue-pear-cut-certified-lab-crafted-earrings-with-high-quality-925-silver,omnia-emoni-blue-spinel-pendant-necklace-with-high-quality-certified-lab-crafted-stones-in-925-silver,omnia-louise-blue-bracelet-in-92-5-silver-high-quality-simulated-diamonds,alani-baby-blue-brooch-with-certified-high-quality-premium-simulated-diamonds-in-925-sterling-silver"
omnia-bettina-red-necklace-92-5-silver-high-quality-simulated-diamonds,"bettina-blue-drop-earrings-in-925-silver-with-high-quality-simulated-diamonds,ayeisa-woven-red-leather-bracelet-with-certified-high-quality-premium-simulated-diamonds-in-925-sterling-silver,abla-red-floral-ring-in-925-silver-with-marquise-and-pear-cut-high-quality-simulated-diamonds,isalyn-ruby-red-bangle-with-high-quality-premium-simulated-diamonds-in-925-sterling-silver"
omnia-bettina-yellow-necklace-925-silver-in-high-quality-simulated-diamonds,"bettina-yellow-drop-earrings-in-925-silver-with-high-quality-simulated-diamonds,omnia-asiya-yellow-bracelet-in-92-5-silver-high-quality-simulated-diamonds,isabell-yellow-and-white-pear-cut-ring-in-925-silver-with-high-quality-simulated-diamonds,kaylie-orange-tiger-brooch-with-high-quality-simulated-diamonds-in-925-silver"
omnia-afiya-rose-gold-heart-earrings-with-high-quality-certified-lab-crafted-stones-in-925-silver,"omnia-afiya-white-heart-pendant-necklace-in-925-silver-high-quality-certified-lab-crafted-stones,karah-rose-gold-bracelet-with-certified-high-quality-premium-simulated-diamonds-in-925-sterling-silver,althea-rose-gold-premium-rhodium-plated-alloy-ring-with-high-quality-simulated-diamonds,althea-rose-gold-premium-rhodium-plated-alloy-bangle-with-high-quality-simulated-diamonds"
omnia-reya-gold-earrings-with-high-quality-certified-lab-crafted-in-925-silver,"omnia-reya-white-round-pendant-necklace-in-925-silver-with-high-quality-lab-crafted-stones,ameliora-emerald-cut-brick-lattice-wide-bracelet-with-premium-simulated-diamonds-in-925-sterling-silver,abla-blue-floral-ring-in-925-silver-with-marquise-and-pear-cut-high-quality-simulated-diamonds,aya-shine-dragon-design-multicolor-bangle-in-925-silver-with-high-quality-simulated-diamonds"
omnia-eiza-rose-clip-earrings-with-high-quality-simulated-diamonds-in-925-silver,"eiza-rose-leaf-necklace-in-925-silver-with-high-quality-simulated-diamonds,ameliora-emerald-cut-brick-lattice-wide-bracelet-with-premium-simulated-diamonds-in-925-sterling-silver,abla-blue-floral-ring-in-925-silver-with-marquise-and-pear-cut-high-quality-simulated-diamonds,aya-shine-dragon-design-multicolor-bangle-in-925-silver-with-high-quality-simulated-diamonds"
omnia-aleyna-red-stone-silver-drop-earrings-in-925-silver-with-high-quality-simulated-diamonds,"omnia-aleyna-red-stone-silver-pendant-necklace-in-925-silver-with-high-quality-simulated-diamonds,omnia-aleyna-red-stone-silver-ring-in-925-silver-with-high-quality-simulated-diamonds,ayeisa-woven-red-leather-bracelet-with-certified-high-quality-premium-simulated-diamonds-in-925-sterling-silver,isalyn-ruby-red-bangle-with-high-quality-premium-simulated-diamonds-in-925-sterling-silver"
omnia-aleyna-red-stone-silver-pendant-necklace-in-925-silver-with-high-quality-simulated-diamonds,"omnia-aleyna-red-stone-silver-drop-earrings-in-925-silver-with-high-quality-simulated-diamonds,omnia-aleyna-red-stone-silver-ring-in-925-silver-with-high-quality-simulated-diamonds,ayeisa-woven-red-leather-bracelet-with-certified-high-quality-premium-simulated-diamonds-in-925-sterling-silver,isalyn-ruby-red-bangle-with-high-quality-premium-simulated-diamonds-in-925-sterling-silver"
omnia-faryal-oval-purple-stone-ring-in-92-5-silver-with-high-quality-simulated-diamonds,"omnia-faryal-oval-purple-stone-stud-earrings-in-92-5-silver-with-high-quality-simulated-diamonds,omnia-faryal-oval-purple-pendant-necklace-in-92-5-silver-with-high-quality-simulated-diamonds,omnia-zenah-white-bangle-with-high-quality-simulated-diamonds-in-925-silver,omnia-sia-pink-coral-floral-brooch-in-925-silver-high-quality-purple-and-white-simulated-diamonds"
omnia-mashael-sky-blue-silver-ring-925-silver-in-high-quality-simulated-diamonds,"omnia-mashael-sky-blue-necklace-925-silver-in-high-quality-simulated-diamonds,omnia-mashael-emerald-oval-cut-stud-earrings-in-92-5-silver-with-high-quality-simulated-diamonds,omnia-louise-blue-bracelet-in-92-5-silver-high-quality-simulated-diamonds,alani-baby-blue-brooch-with-certified-high-quality-premium-simulated-diamonds-in-925-sterling-silver"
omnia-mashael-flower-cut-ring-in-92-5-silver-with-high-quality-simulated-diamonds,"mashael-blue-flower-cut-pendant-necklace-with-high-quality-simulated-diamonds-in-925-silver,omnia-mashael-emerald-oval-cut-stud-earrings-in-92-5-silver-with-high-quality-simulated-diamonds,lunessa-yellow-oval-center-flower-bracelet-with-premium-simulated-diamonds-in-925-sterling-silver,aya-shine-dragon-design-multicolor-bangle-in-925-silver-with-high-quality-simulated-diamonds"
omnia-shanina-bridal-full-set-designed-with-freshwater-real-pearls-and-high-quality-simulated-diamonds-in-a-rhodium-plated-finish,"omnia-shanina-bridal-bracelet-designed-with-multi-strand-freshwater-real-pearls-and-high-quality-simulated-diamonds-in-a-luxurious-rhodium-plated-finish,avalina-fresh-water-pearl-ring-in-925-silver-with-high-quality-simulated-diamonds,omnia-inaya-golden-fresh-real-water-pearl-ring-in-925-silver-high-quality-simulated-diamonds,omnia-inaya-silver-fresh-real-water-pearl-ring-in-925-silver-high-quality-simulated-diamonds"
omnia-celeste-bow-necklace-in-925-silver-with-high-quality-simulated-diamonds-and-elegant-geometric-detailing,"omnia-celeste-bow-design-bangle-in-92-5-silver-with-high-quality-simulated-diamonds-and-intricate-detailing,omnia-celeste-white-mabel-pearl-halo-stud-earrings-with-blue-sapphire-accents-in-brass-with-gold-plated-finish,omnia-celeste-white-mabel-pearl-halo-ring-with-blue-sapphire-accents-in-brass-with-gold-plated-finish,ameliora-emerald-cut-brick-lattice-wide-bracelet-with-premium-simulated-diamonds-in-925-sterling-silver"
omnia-elana-white-and-blue-floral-earrings-with-high-quality-certified-lab-crafted-stones-in-925-silver-3ct,"elana-white-and-blue-floral-certified-lab-crafted-pendant-necklace-with-high-quality-925-silver,isabell-blue-and-white-pear-cut-ring-in-925-silver-with-high-quality-simulated-diamonds,omnia-louise-blue-bracelet-in-92-5-silver-high-quality-simulated-diamonds,kareenah-white-open-cuff-ring-in-925-silver-with-premium-simulated-diamonds"
omnia-roua-white-and-blue-drop-earrings-with-high-quality-certified-lab-crafted-stones-in-925-silver-7-0ct,"omnia-roua-white-and-blue-ring-with-high-quality-certified-lab-crafted-stones-in-925-silver,elana-white-and-blue-floral-certified-lab-crafted-pendant-necklace-with-high-quality-925-silver,omnia-louise-blue-bracelet-in-92-5-silver-high-quality-simulated-diamonds,kareenah-white-open-cuff-ring-in-925-silver-with-premium-simulated-diamonds"
omnia-suhair-twisted-silver-bangle-in-925-silver-high-quality-certified-lab-crafted-stones,"omnia-suhair-twisted-silver-ring-in-925-silver-high-quality-certified-lab-crafted-stones,abir-blue-drop-earrings-with-premium-simulated-diamonds-in-925-sterling-silver,adah-round-white-pendant-necklace-with-high-quality-simulated-diamonds-in-925-silver,ameliora-emerald-cut-brick-lattice-wide-bracelet-with-premium-simulated-diamonds-in-925-sterling-silver"
omnia-shaira-white-pear-peandant-necklace-with-high-quality-simulated-diamonds-in-925-silver,"omnia-shaira-white-pear-earrings-with-high-quality-simulated-diamonds-in-925-silver,eryndra-white-pearl-flower-brooch-with-premium-simulated-diamonds-in-925-silver,eleniya-vintage-royal-pearl-and-pink-diamond-fringe-drop-bracelet-with-premium-simulated-diamonds-in-925-sterling-silver,avalina-fresh-water-pearl-ring-in-925-silver-with-high-quality-simulated-diamonds"
omnia-liza-gold-earrings-with-high-quality-simulated-diamonds-in-925-silver,"liza-white-marquise-cut-ring-in-925-silver-with-high-quality-simulated-diamonds,adah-round-white-pendant-necklace-with-high-quality-simulated-diamonds-in-925-silver,ameliora-emerald-cut-brick-lattice-wide-bracelet-with-premium-simulated-diamonds-in-925-sterling-silver,aya-shine-dragon-design-multicolor-bangle-in-925-silver-with-high-quality-simulated-diamonds"
omnia-ziyah-yellow-heart-clip-earrings-with-high-quality-simulated-diamonds-in-925-silver,"omnia-ziyah-yellow-heart-ring-with-high-quality-simulated-diamonds-in-925-silver,alara-yellow-butterfly-pendant-necklace-in-925-silver-with-high-quality-simulated-diamonds,omnia-asiya-yellow-bracelet-in-92-5-silver-high-quality-simulated-diamonds,kaylie-orange-tiger-brooch-with-high-quality-simulated-diamonds-in-925-silver"
omnia-sephy-white-bangle-with-high-quality-simulated-diamonds-in-925-silver,"omnia-sephy-white-choker-necklace-with-high-quality-simulated-diamonds-in-925-silver,adah-round-white-earrings-with-high-quality-simulated-diamonds-in-925-silver,omnia-anisa-white-bracelet-in-925-silver-with-high-quality-simulated-diamonds,amor-white-cushion-cut-ring-in-925-silver-with-high-quality-simulated-diamonds"
omnia-nemy-white-bangle-with-high-quality-simulated-diamonds-in-925-silver,"omnia-nemy-white-choker-necklace-with-high-quality-simulated-diamonds-in-925-silver,adah-round-white-earrings-with-high-quality-simulated-diamonds-in-925-silver,omnia-anisa-white-bracelet-in-925-silver-with-high-quality-simulated-diamonds,amor-white-cushion-cut-ring-in-925-silver-with-high-quality-simulated-diamonds"
omnia-nemy-white-choker-necklace-with-high-quality-simulated-diamonds-in-925-silver,"omnia-nemy-white-bangle-with-high-quality-simulated-diamonds-in-925-silver,adah-round-white-earrings-with-high-quality-simulated-diamonds-in-925-silver,omnia-anisa-white-bracelet-in-925-silver-with-high-quality-simulated-diamonds,amor-white-cushion-cut-ring-in-925-silver-with-high-quality-simulated-diamonds"
omnia-sephy-white-choker-necklace-with-high-quality-simulated-diamonds-in-925-silver,"omnia-sephy-white-bangle-with-high-quality-simulated-diamonds-in-925-silver,adah-round-white-earrings-with-high-quality-simulated-diamonds-in-925-silver,omnia-anisa-white-bracelet-in-925-silver-with-high-quality-simulated-diamonds,amor-white-cushion-cut-ring-in-925-silver-with-high-quality-simulated-diamonds"
omnia-aleyna-red-stone-silver-ring-in-925-silver-with-high-quality-simulated-diamonds,"omnia-aleyna-red-stone-silver-drop-earrings-in-925-silver-with-high-quality-simulated-diamonds,omnia-aleyna-red-stone-silver-pendant-necklace-in-925-silver-with-high-quality-simulated-diamonds,ayeisa-woven-red-leather-bracelet-with-certified-high-quality-premium-simulated-diamonds-in-925-sterling-silver,isalyn-ruby-red-bangle-with-high-quality-premium-simulated-diamonds-in-925-sterling-silver"
omnia-camilla-gold-luxury-bridal-full-set-in-high-quality-rhodium-plated-zircon-stones,"omnia-camilla-golden-square-stud-earrings-in-92-5-silver-with-high-quality-iced-cut-stones,omnia-amnah-ring-accessories-in-high-quality-zircon-stone-rhodium-plated,abla-blue-floral-ring-in-925-silver-with-marquise-and-pear-cut-high-quality-simulated-diamonds,abla-red-floral-ring-in-925-silver-with-marquise-and-pear-cut-high-quality-simulated-diamonds"
omnia-aila-white-and-yellow-drop-earrings-with-high-quality-simulated-diamonds-in-925-silver,"omnia-aila-white-lock-design-necklace-in-925-silver-with-high-quality-lab-crafted-stones,omnia-faila-white-and-yellow-bracelet-with-high-quality-simulated-diamonds-in-925-silver,isabell-yellow-and-white-pear-cut-ring-in-925-silver-with-high-quality-simulated-diamonds,kareenah-white-open-cuff-ring-in-925-silver-with-premium-simulated-diamonds"
omnia-shaira-white-pear-earrings-with-high-quality-simulated-diamonds-in-925-silver,"omnia-shaira-white-pear-peandant-necklace-with-high-quality-simulated-diamonds-in-925-silver,omnia-anisa-white-bracelet-in-925-silver-with-high-quality-simulated-diamonds,amor-white-cushion-cut-ring-in-925-silver-with-high-quality-simulated-diamonds,kareenah-white-open-cuff-ring-in-925-silver-with-premium-simulated-diamonds"
omnia-ziyah-yellow-heart-ring-with-high-quality-simulated-diamonds-in-925-silver,"omnia-ziyah-yellow-heart-clip-earrings-with-high-quality-simulated-diamonds-in-925-silver,alara-yellow-butterfly-pendant-necklace-in-925-silver-with-high-quality-simulated-diamonds,omnia-asiya-yellow-bracelet-in-92-5-silver-high-quality-simulated-diamonds,kaylie-orange-tiger-brooch-with-high-quality-simulated-diamonds-in-925-silver"
omnia-azia-round-earrings-with-high-quality-certified-lab-crafted-stones-in-925-silver,"omnia-azia-white-pendant-necklace-with-high-quality-certified-lab-crafted-stones-in-925-silver,ameliora-emerald-cut-brick-lattice-wide-bracelet-with-premium-simulated-diamonds-in-925-sterling-silver,abla-blue-floral-ring-in-925-silver-with-marquise-and-pear-cut-high-quality-simulated-diamonds,aya-shine-dragon-design-multicolor-bangle-in-925-silver-with-high-quality-simulated-diamonds"
omnia-sameera-white-drop-earrings-with-high-quality-certified-lab-crafted-stones-in-925-silver,"omnia-sameera-white-pendant-necklace-with-high-quality-certified-lab-crafted-stones-in-925-silver,bahja-golden-white-moissanite-with-gra-certified-bracelet-in-925-silver-rd4-5mm,amor-white-cushion-cut-ring-in-925-silver-with-high-quality-simulated-diamonds,kareenah-white-open-cuff-ring-in-925-silver-with-premium-simulated-diamonds"
omnia-afiya-white-heart-earrings-with-high-quality-certified-lab-crafted-stones-in-925-silver,"omnia-afiya-white-heart-pendant-necklace-in-925-silver-high-quality-certified-lab-crafted-stones,omnia-emma-white-heart-bracelet-set-in-925-silver-with-high-quality-moissanite-stones,omnia-ayshan-white-heart-shape-ring-in-925-silver-high-quality-certified-lab-crafted-stones,kareenah-white-open-cuff-ring-in-925-silver-with-premium-simulated-diamonds"
omnia-ziara-white-floral-earrings-with-high-quality-certified-lab-crafted-stones-in-925-silver,"omnia-ziara-white-pendant-necklace-with-high-quality-certified-lab-crafted-stones-in-925-silver,omnia-alsha-white-and-gold-floral-ring-with-high-quality-certified-lab-crafted-stones-in-925-silver,bahja-golden-white-moissanite-with-gra-certified-bracelet-in-925-silver-rd4-5mm,kareenah-white-open-cuff-ring-in-925-silver-with-premium-simulated-diamonds"
omnia-roua-white-and-blue-ring-with-high-quality-certified-lab-crafted-stones-in-925-silver,"omnia-roua-white-and-blue-drop-earrings-with-high-quality-certified-lab-crafted-stones-in-925-silver-7-0ct,elana-white-and-blue-floral-certified-lab-crafted-pendant-necklace-with-high-quality-925-silver,omnia-louise-blue-bracelet-in-92-5-silver-high-quality-simulated-diamonds,kareenah-white-open-cuff-ring-in-925-silver-with-premium-simulated-diamonds"
omnia-amani-white,"omnia-amani-chandelier-earrings-with-emerald-green-simulated-diamonds-in-92-5-silver,adah-round-white-pendant-necklace-with-high-quality-simulated-diamonds-in-925-silver,bahja-golden-white-moissanite-with-gra-certified-bracelet-in-925-silver-rd4-5mm,amor-white-cushion-cut-ring-in-925-silver-with-high-quality-simulated-diamonds"
omnia-azia-white-pendant-necklace-with-high-quality-certified-lab-crafted-stones-in-925-silver,"omnia-azia-round-earrings-with-high-quality-certified-lab-crafted-stones-in-925-silver,bahja-golden-white-moissanite-with-gra-certified-bracelet-in-925-silver-rd4-5mm,amor-white-cushion-cut-ring-in-925-silver-with-high-quality-simulated-diamonds,kareenah-white-open-cuff-ring-in-925-silver-with-premium-simulated-diamonds"
omnia-ziara-white-pendant-necklace-with-high-quality-certified-lab-crafted-stones-in-925-silver,"omnia-ziara-white-floral-earrings-with-high-quality-certified-lab-crafted-stones-in-925-silver,bahja-golden-white-moissanite-with-gra-certified-bracelet-in-925-silver-rd4-5mm,amor-white-cushion-cut-ring-in-925-silver-with-high-quality-simulated-diamonds,kareenah-white-open-cuff-ring-in-925-silver-with-premium-simulated-diamonds"
omnia-sameera-white-pendant-necklace-with-high-quality-certified-lab-crafted-stones-in-925-silver,"omnia-sameera-white-drop-earrings-with-high-quality-certified-lab-crafted-stones-in-925-silver,bahja-golden-white-moissanite-with-gra-certified-bracelet-in-925-silver-rd4-5mm,amor-white-cushion-cut-ring-in-925-silver-with-high-quality-simulated-diamonds,kareenah-white-open-cuff-ring-in-925-silver-with-premium-simulated-diamonds"
omnia-afra-fresh-real-water-pearl-pendant-necklace-925-silver-high-quality-simulated-diamonds,"omnia-afra-fresh-real-water-pearl-earrings-925-silver-high-quality-simulated-diamonds,eleniya-vintage-royal-pearl-and-pink-diamond-fringe-drop-bracelet-with-premium-simulated-diamonds-in-925-sterling-silver,avalina-fresh-water-pearl-ring-in-925-silver-with-high-quality-simulated-diamonds,dulce-royal-two-tone-pearl-bangle-with-premium-simulated-diamonds-in-925-sterling-silver"
omnia-afra-fresh-real-water-pearl-earrings-925-silver-high-quality-simulated-diamonds,"omnia-afra-fresh-real-water-pearl-pendant-necklace-925-silver-high-quality-simulated-diamonds,eleniya-vintage-royal-pearl-and-pink-diamond-fringe-drop-bracelet-with-premium-simulated-diamonds-in-925-sterling-silver,avalina-fresh-water-pearl-ring-in-925-silver-with-high-quality-simulated-diamonds,dulce-royal-two-tone-pearl-bangle-with-premium-simulated-diamonds-in-925-sterling-silver"
omnia-dayana-gold-and-silver-pendant-necklace-in-925-silver-in-high-quality-simulated-diamonds,"omnia-dayana-leaf-drop-earrings-with-high-quality-simulated-diamonds-in-925-silver,ameliora-emerald-cut-brick-lattice-wide-bracelet-with-premium-simulated-diamonds-in-925-sterling-silver,abla-blue-floral-ring-in-925-silver-with-marquise-and-pear-cut-high-quality-simulated-diamonds,aya-shine-dragon-design-multicolor-bangle-in-925-silver-with-high-quality-simulated-diamonds"
omnia-reya-white-round-pendant-necklace-in-925-silver-with-high-quality-lab-crafted-stones,"omnia-reya-gold-earrings-with-high-quality-certified-lab-crafted-in-925-silver,bahja-golden-white-moissanite-with-gra-certified-bracelet-in-925-silver-rd4-5mm,amor-white-cushion-cut-ring-in-925-silver-with-high-quality-simulated-diamonds,kareenah-white-open-cuff-ring-in-925-silver-with-premium-simulated-diamonds"
omnia-aila-white-lock-design-necklace-in-925-silver-with-high-quality-lab-crafted-stones,"aila-white-lock-design-earrings-with-high-quality-premium-simulated-diamonds-in-925-sterling-silver,bahja-golden-white-moissanite-with-gra-certified-bracelet-in-925-silver-rd4-5mm,amor-white-cushion-cut-ring-in-925-silver-with-high-quality-simulated-diamonds,kareenah-white-open-cuff-ring-in-925-silver-with-premium-simulated-diamonds"
omnia-azra-silver-pearl-pendant-necklace-in-925-silver-with-high-quality-green-lab-crafted-stones,"omnia-azra-silver-pearl-stud-earrings-in-925-silver-with-high-quality-green-lab-crafted-stones,omnia-salima-pearl-white-silver-ring-in-925-silver-high-quality-lab-crafted-stones,eryndra-white-pearl-flower-brooch-with-premium-simulated-diamonds-in-925-silver,eleniya-vintage-royal-pearl-and-pink-diamond-fringe-drop-bracelet-with-premium-simulated-diamonds-in-925-sterling-silver"
omnia-azra-silver-pearl-stud-earrings-in-925-silver-with-high-quality-green-lab-crafted-stones,"omnia-azra-silver-pearl-pendant-necklace-in-925-silver-with-high-quality-green-lab-crafted-stones,omnia-thara-green-and-white-silver-bracelet-in-925-silver-high-quality-simulated-diamonds-stones,omnia-salima-pearl-white-silver-ring-in-925-silver-high-quality-lab-crafted-stones,eryndra-white-pearl-flower-brooch-with-premium-simulated-diamonds-in-925-silver"
omnia-mahira-gold-floral-bracelet-in-925-silver-with-high-quality-lab-crafted-stones,"mahira-floral-stud-earrings-with-premium-simulated-diamonds-in-925-sterling-silver,elana-white-and-blue-floral-certified-lab-crafted-pendant-necklace-with-high-quality-925-silver,abla-blue-floral-ring-in-925-silver-with-marquise-and-pear-cut-high-quality-simulated-diamonds,aya-shine-dragon-design-multicolor-bangle-in-925-silver-with-high-quality-simulated-diamonds"
omnia-mahasin-silver-bracelet-in-925-silver-with-grc-certifited-high-quality-synthetic-spinel-sky-blue-lab-grown-stones,"omnia-mahasin-blue-heart-shape-earrings-925-silver-certified-in-high-quality-lab-grown-sapphire-stone,alani-baby-blue-necklace-with-certified-premium-simulated-diamonds-in-925-sterling-silver,abla-blue-floral-ring-in-925-silver-with-marquise-and-pear-cut-high-quality-simulated-diamonds,alani-baby-blue-brooch-with-certified-high-quality-premium-simulated-diamonds-in-925-sterling-silver"
omnia-nawwar-red-and-pink-drop-earrings-925-silver-in-high-quality-lab-crafted-diamonds,"omnia-nawwar-red-and-pink-necklace-and-earrings-set-925-silver-in-high-quality-simulated-diamonds,charlize-pink-princess-cut-inspired-ring-in-925-silver-with-premium-cubic-zirconia-stones,ayeisa-woven-red-leather-bracelet-with-certified-high-quality-premium-simulated-diamonds-in-925-sterling-silver,isalyn-ruby-red-bangle-with-high-quality-premium-simulated-diamonds-in-925-sterling-silver"
omnia-layan-red-bridal-full-set-in-high-quality-zircon-stone-rhodium-plated,"omnia-layan-butterfly-pendant-necklace-with-emerald-stone-in-92-5-silver-high-quality-simulated-diamonds,abla-red-floral-ring-in-925-silver-with-marquise-and-pear-cut-high-quality-simulated-diamonds,catriona-red-ring-with-certified-high-quality-premium-simulated-diamonds-in-925-sterling-silver,malaika-imperial-red-gemstone-ring-with-certified-high-quality-premium-simulated-diamonds-in-925-sterling-silver"
omnia-aleyna-royal-blue-stone-silver-ring-in-925-silver-with-high-quality-simulated-diamonds,"omnia-aleyna-royal-blue-stone-silver-pendant-necklace-in-925-silver-with-high-quality-simulated-diamonds,omnia-aleyna-red-stone-silver-drop-earrings-in-925-silver-with-high-quality-simulated-diamonds,omnia-louise-blue-bracelet-in-92-5-silver-high-quality-simulated-diamonds,alani-baby-blue-brooch-with-certified-high-quality-premium-simulated-diamonds-in-925-sterling-silver"
omnia-aleyna-royal-blue-stone-silver-pendant-necklace-in-925-silver-with-high-quality-simulated-diamonds,"omnia-aleyna-royal-blue-stone-silver-ring-in-925-silver-with-high-quality-simulated-diamonds,omnia-aleyna-red-stone-silver-drop-earrings-in-925-silver-with-high-quality-simulated-diamonds,omnia-louise-blue-bracelet-in-92-5-silver-high-quality-simulated-diamonds,alani-baby-blue-brooch-with-certified-high-quality-premium-simulated-diamonds-in-925-sterling-silver"
omnia-raeya-purple-silver-ring-in-925-silver-with-high-quality-simulated-diamonds-1,"omnia-raeya-purple-silver-stud-earrings-in-925-silver-with-high-quality-simulated-diamonds,omnia-raeya-purple-silver-ring-in-925-silver-with-high-quality-simulated-diamonds,omnia-zenah-white-bangle-with-high-quality-simulated-diamonds-in-925-silver,omnia-sia-pink-coral-floral-brooch-in-925-silver-high-quality-purple-and-white-simulated-diamonds"
omnia-raeya-purple-silver-stud-earrings-in-925-silver-with-high-quality-simulated-diamonds,"omnia-raeya-purple-silver-ring-in-925-silver-with-high-quality-simulated-diamonds,omnia-raeya-purple-silver-ring-in-925-silver-with-high-quality-simulated-diamonds-1,omnia-zenah-white-bangle-with-high-quality-simulated-diamonds-in-925-silver,omnia-sia-pink-coral-floral-brooch-in-925-silver-high-quality-purple-and-white-simulated-diamonds"
omnia-raeya-purple-silver-ring-in-925-silver-with-high-quality-simulated-diamonds,"omnia-raeya-purple-silver-stud-earrings-in-925-silver-with-high-quality-simulated-diamonds,omnia-raeya-purple-silver-ring-in-925-silver-with-high-quality-simulated-diamonds-1,omnia-zenah-white-bangle-with-high-quality-simulated-diamonds-in-925-silver,omnia-sia-pink-coral-floral-brooch-in-925-silver-high-quality-purple-and-white-simulated-diamonds"
omnia-damiyah-white-floral-silver-ring-in-925-silver-with-high-quality-simulated-diamonds,"omnia-damiyah-white-floral-silver-clip-earrings-in-925-silver-with-high-quality-simulated-diamonds,omnia-damiyah-white-floral-silver-pendant-necklace-in-925-silver-with-high-quality-simulated-diamonds,omnia-anisa-white-bracelet-in-925-silver-with-high-quality-simulated-diamonds,kareenah-white-open-cuff-ring-in-925-silver-with-premium-simulated-diamonds"
omnia-mashael-sky-blue-necklace-925-silver-in-high-quality-simulated-diamonds,"omnia-mashael-sky-blue-silver-ring-925-silver-in-high-quality-simulated-diamonds,omnia-mashael-emerald-oval-cut-stud-earrings-in-92-5-silver-with-high-quality-simulated-diamonds,omnia-louise-blue-bracelet-in-92-5-silver-high-quality-simulated-diamonds,alani-baby-blue-brooch-with-certified-high-quality-premium-simulated-diamonds-in-925-sterling-silver"
omnia-damiyah-white-floral-silver-pendant-necklace-in-925-silver-with-high-quality-simulated-diamonds,"omnia-damiyah-white-floral-silver-clip-earrings-in-925-silver-with-high-quality-simulated-diamonds,omnia-damiyah-white-floral-silver-ring-in-925-silver-with-high-quality-simulated-diamonds,omnia-anisa-white-bracelet-in-925-silver-with-high-quality-simulated-diamonds,kareenah-white-open-cuff-ring-in-925-silver-with-premium-simulated-diamonds"
omnia-damiyah-white-floral-silver-clip-earrings-in-925-silver-with-high-quality-simulated-diamonds,"omnia-damiyah-white-floral-silver-pendant-necklace-in-925-silver-with-high-quality-simulated-diamonds,omnia-damiyah-white-floral-silver-ring-in-925-silver-with-high-quality-simulated-diamonds,omnia-anisa-white-bracelet-in-925-silver-with-high-quality-simulated-diamonds,kareenah-white-open-cuff-ring-in-925-silver-with-premium-simulated-diamonds"
omnia-damiyah-emerald-green-floral-silver-ring-in-925-silver-with-high-quality-simulated-diamonds,"omnia-damiyah-white-floral-silver-clip-earrings-in-925-silver-with-high-quality-simulated-diamonds,omnia-damiyah-white-floral-silver-pendant-necklace-in-925-silver-with-high-quality-simulated-diamonds,vionelle-emerald-green-radiant-cut-bracelet-with-premium-simulated-diamonds-in-925-sterling-silver,nymeria-emerald-green-brooch-with-high-quality-premium-simulated-diamonds-in-925-sterling-silver"
omnia-zaniyah-luxury-white-bracelet-ring-set-in-high-quality-zircon-stone-rhodium-plated,"omnia-hasna-white-golden-ring-92-5-silver-certified-in-high-quality-moissanite-stone,amor-white-cushion-cut-ring-in-925-silver-with-high-quality-simulated-diamonds,aryana-white-emerald-cut-ring-in-925-silver-with-high-quality-simulated-diamonds,azmira-royal-design-marquise-cut-white-moissanite-stone-ring-with-gra-certified-high-quality-in-925-silver-6x12mm-2ct"
omnia-blossom-black-beads-bracelet-in-925-silver-with-high-quality-simulated-diamonds,"omnia-blossom-black-beads-necklace-in-925-silver-with-high-quality-simulated-diamonds,omnia-pink-blossom-stud-earrings-in-92-5-silver-with-high-quality-simulated-diamonds,omnia-najiya-classic-black-silver-brooch-in-925-silver-in-high-quality-simulated-diamonds,abla-blue-floral-ring-in-925-silver-with-marquise-and-pear-cut-high-quality-simulated-diamonds"
omnia-blossom-black-beads-necklace-in-925-silver-with-high-quality-simulated-diamonds,"omnia-blossom-black-beads-bracelet-in-925-silver-with-high-quality-simulated-diamonds,omnia-pink-blossom-stud-earrings-in-92-5-silver-with-high-quality-simulated-diamonds,omnia-najiya-classic-black-silver-brooch-in-925-silver-in-high-quality-simulated-diamonds,abla-blue-floral-ring-in-925-silver-with-marquise-and-pear-cut-high-quality-simulated-diamonds"
omnia-najaah-floral-fresh-water-pearl-ring-in-925-silver-in-high-quality-simulated-diamonds,"najaah-floral-fresh-water-pearl-earring-in-925-silver-with-high-quality-simulated-diamonds,najaah-floral-fresh-water-pearl-necklace-in-925-silver-with-high-quality-simulated-diamonds,eleniya-vintage-royal-pearl-and-pink-diamond-fringe-drop-bracelet-with-premium-simulated-diamonds-in-925-sterling-silver,dulce-royal-two-tone-pearl-bangle-with-premium-simulated-diamonds-in-925-sterling-silver"
omnia-kinza-green-and-white-necklace-in-925-silver-high-quality-certified-lab-crafted-stones,"ikraam-green-and-white-earring-with-high-premium-signature-stones-and-certificate-in-925-silver,omnia-thara-green-and-white-silver-bracelet-in-925-silver-high-quality-simulated-diamonds-stones,aryana-white-emerald-cut-ring-in-925-silver-with-high-quality-simulated-diamonds,kareenah-white-open-cuff-ring-in-925-silver-with-premium-simulated-diamonds"
omnia-afiya-white-heart-pendant-necklace-in-925-silver-high-quality-certified-lab-crafted-stones,"omnia-afiya-white-heart-earrings-with-high-quality-certified-lab-crafted-stones-in-925-silver,omnia-emma-white-heart-bracelet-set-in-925-silver-with-high-quality-moissanite-stones,omnia-ayshan-white-heart-shape-ring-in-925-silver-high-quality-certified-lab-crafted-stones,kareenah-white-open-cuff-ring-in-925-silver-with-premium-simulated-diamonds"
omnia-rose-white-drop-earrings-in-925-silver-with-high-quality-simulated-diamonds,"omnia-silver-rose-brooch-in-92-5-silver-with-high-quality-simulated-diamonds,heart-red-necklace-925-silver-in-high-quality-simulated-diamonds,omnia-anisa-white-bracelet-in-925-silver-with-high-quality-simulated-diamonds,amor-white-cushion-cut-ring-in-925-silver-with-high-quality-simulated-diamonds"
omnia-nadia-green-and-white-silver-with-real-fresh-pearl-long-chain-necklace-in-925-silver-high-quality-simulated-diamond-stones,"omnia-nadia-green-and-white-silver-stud-earrings-in-925-silver-high-quality-simulated-diamond-stones,omnia-thara-green-and-white-silver-bracelet-in-925-silver-high-quality-simulated-diamonds-stones,aryana-white-emerald-cut-ring-in-925-silver-with-high-quality-simulated-diamonds,eryndra-white-pearl-flower-brooch-with-premium-simulated-diamonds-in-925-silver"
omnia-stella-rose-silver-brooch-in-925-silver-high-quality-simulated-diamonds,"omnia-stella-floral-earrings-in-92-5-silver-with-high-quality-simulated-diamonds,omnia-mahtab-pearl-long-chain-in-925-silver-with-high-quality-simulated-diamonds,ameliora-emerald-cut-brick-lattice-wide-bracelet-with-premium-simulated-diamonds-in-925-sterling-silver,abla-blue-floral-ring-in-925-silver-with-marquise-and-pear-cut-high-quality-simulated-diamonds"
omnia-sihab-pink-coral-flower-silver-drop-earrings-in-925-silver-high-quality-white-simulated-diamond-stones,"omnia-sihab-pink-coral-flower-silver-ring-in-925-silver-high-quality-white-simulated-diamond-stones,louise-pink-necklace-in-925-silver-high-quality-simulated-diamonds,eleniya-vintage-royal-pearl-and-pink-diamond-fringe-drop-bracelet-with-premium-simulated-diamonds-in-925-sterling-silver,omnia-sia-pink-coral-floral-brooch-in-925-silver-high-quality-purple-and-white-simulated-diamonds"
omnia-feda-multi-color-silver-ring-in-925-silver-high-quality-simulated-diamonds-stones,"omnia-feda-multi-color-silver-stud-earrings-in-925-silver-high-quality-simulated-diamonds-stones,omnia-saleen-multi-colored-tennis-necklace-2-5mm-in-92-5-silver-with-high-quality-simulated-diamonds,omnia-shanina-bridal-bracelet-designed-with-multi-strand-freshwater-real-pearls-and-high-quality-simulated-diamonds-in-a-luxurious-rhodium-plated-finish,aya-shine-dragon-design-multicolor-bangle-in-925-silver-with-high-quality-simulated-diamonds"
omnia-feda-multi-color-silver-stud-earrings-in-925-silver-high-quality-simulated-diamonds-stones,"omnia-feda-multi-color-silver-ring-in-925-silver-high-quality-simulated-diamonds-stones,omnia-saleen-multi-colored-tennis-necklace-2-5mm-in-92-5-silver-with-high-quality-simulated-diamonds,omnia-shanina-bridal-bracelet-designed-with-multi-strand-freshwater-real-pearls-and-high-quality-simulated-diamonds-in-a-luxurious-rhodium-plated-finish,aya-shine-dragon-design-multicolor-bangle-in-925-silver-with-high-quality-simulated-diamonds"
omnia-suhair-twisted-silver-ring-in-925-silver-high-quality-certified-lab-crafted-stones,"omnia-suhair-twisted-silver-bangle-in-925-silver-high-quality-certified-lab-crafted-stones,abir-blue-drop-earrings-with-premium-simulated-diamonds-in-925-sterling-silver,adah-round-white-pendant-necklace-with-high-quality-simulated-diamonds-in-925-silver,ameliora-emerald-cut-brick-lattice-wide-bracelet-with-premium-simulated-diamonds-in-925-sterling-silver"
omnia-maysun-baby-blue-full-set-in-925-silver-high-quality-simulated-diamonds,"omnia-maysun-baby-blue-oval-ring-in-92-5-silver-with-high-quality-simulated-diamonds,maysun-white-ring-in-925-silver-with-premium-simulated-diamonds,omnia-maysun-pink-oval-ring-in-92-5-silver-with-high-quality-simulated-diamonds,omnia-maysun-pure-white-ring-in-925-silver-with-high-quality-simulated-diamonds"
omina-najiba-pink-coral-flower-ring-in-925-silver-with-high-quality-simulated-diamonds,"omina-zulaikha-pink-coral-flower-brooch-in-925-silver-with-high-quality-simulated-diamonds,omnia-asiya-pink-necklace-92-5-silver-in-high-quality-simulated-diamonds,eleniya-vintage-royal-pearl-and-pink-diamond-fringe-drop-bracelet-with-premium-simulated-diamonds-in-925-sterling-silver,kareenah-pink-open-cuff-ring-in-925-silver-with-premium-simulated-diamonds"
omina-zulaikha-pink-coral-flower-brooch-in-925-silver-with-high-quality-simulated-diamonds,"omina-najiba-pink-coral-flower-ring-in-925-silver-with-high-quality-simulated-diamonds,omnia-asiya-pink-necklace-92-5-silver-in-high-quality-simulated-diamonds,eleniya-vintage-royal-pearl-and-pink-diamond-fringe-drop-bracelet-with-premium-simulated-diamonds-in-925-sterling-silver,kareenah-pink-open-cuff-ring-in-925-silver-with-premium-simulated-diamonds"
omnia-sophia-green-teardrop-bridal-full-set-in-925-silver-with-high-quality-simulated-diamonds,"omnia-sophia-pearl-flower-brooch-in-92-5-silver-with-high-quality-simulated-diamonds,adesina-green-ring-with-certified-high-quality-premium-simulated-diamonds-in-925-sterling-silver,destiny-green-ring-with-certified-premium-simulated-diamonds-in-925-sterling-silver,kamili-green-ring-with-certified-high-quality-premium-simulated-diamonds-in-925-sterling-silver"
omnia-sophia-blue-teardrop-bridal-full-set-in-925-silver-with-high-quality-simulated-diamonds,"omnia-sophia-pearl-flower-brooch-in-92-5-silver-with-high-quality-simulated-diamonds,abla-blue-floral-ring-in-925-silver-with-marquise-and-pear-cut-high-quality-simulated-diamonds,isabell-blue-and-white-pear-cut-ring-in-925-silver-with-high-quality-simulated-diamonds,omnia-aleyna-royal-blue-stone-silver-ring-in-925-silver-with-high-quality-simulated-diamonds"
omnia-maysun-necklace-in-925-silver-high-quality-green-simulated-diamonds,"omnia-maysun-earrings-in-925-silver-high-quality-green-simulated-diamonds,omnia-maysun-bracelet-in-925-silver-high-quality-green-simulated-diamonds,omnia-maysun-ring-in-925-silver-high-quality-green-simulated-diamonds,nymeria-emerald-green-brooch-with-high-quality-premium-simulated-diamonds-in-925-sterling-silver"
omnia-maysun-bracelet-in-925-silver-high-quality-green-simulated-diamonds,"omnia-maysun-earrings-in-925-silver-high-quality-green-simulated-diamonds,omnia-maysun-necklace-in-925-silver-high-quality-green-simulated-diamonds,omnia-maysun-ring-in-925-silver-high-quality-green-simulated-diamonds,nymeria-emerald-green-brooch-with-high-quality-premium-simulated-diamonds-in-925-sterling-silver"
omnia-maysun-earrings-in-925-silver-high-quality-green-simulated-diamonds,"omnia-maysun-necklace-in-925-silver-high-quality-green-simulated-diamonds,omnia-maysun-bracelet-in-925-silver-high-quality-green-simulated-diamonds,omnia-maysun-ring-in-925-silver-high-quality-green-simulated-diamonds,nymeria-emerald-green-brooch-with-high-quality-premium-simulated-diamonds-in-925-sterling-silver"
omnia-bashair-golden-heart-ring-in-925-silver-with-high-quality-white-simulated-diamonds,"omnia-bashair-golden-heart-drop-earrings-in-925-silver-with-high-quality-white-simulated-diamonds,agna-heart-4-0mm-white-simulated-diamonds-tennis-necklace-in-925-silver,omnia-anisa-white-bracelet-in-925-silver-with-high-quality-simulated-diamonds,kareenah-white-open-cuff-ring-in-925-silver-with-premium-simulated-diamonds"
omnia-ismah-golden-classic-necklace-in-925-silver-with-high-quality-white-simulated-diamonds,"omnia-ismah-golden-classic-stud-earrings-in-925-silver-with-high-quality-white-simulated-diamonds,omnia-anisa-white-bracelet-in-925-silver-with-high-quality-simulated-diamonds,amor-white-cushion-cut-ring-in-925-silver-with-high-quality-simulated-diamonds,kareenah-white-open-cuff-ring-in-925-silver-with-premium-simulated-diamonds"
omnia-ismah-golden-classic-stud-earrings-in-925-silver-with-high-quality-white-simulated-diamonds,"omnia-ismah-golden-classic-necklace-in-925-silver-with-high-quality-white-simulated-diamonds,omnia-anisa-white-bracelet-in-925-silver-with-high-quality-simulated-diamonds,amor-white-cushion-cut-ring-in-925-silver-with-high-quality-simulated-diamonds,kareenah-white-open-cuff-ring-in-925-silver-with-premium-simulated-diamonds"
omnia-bashair-golden-heart-drop-earrings-in-925-silver-with-high-quality-white-simulated-diamonds,"omnia-bashair-golden-heart-ring-in-925-silver-with-high-quality-white-simulated-diamonds,agna-heart-4-0mm-white-simulated-diamonds-tennis-necklace-in-925-silver,omnia-anisa-white-bracelet-in-925-silver-with-high-quality-simulated-diamonds,kareenah-white-open-cuff-ring-in-925-silver-with-premium-simulated-diamonds"
omnia-maysun-pure-white-ring-in-925-silver-with-high-quality-simulated-diamonds,"omnia-maysun-pure-white-earrings-in-92-5-silver-with-high-quality-simulated-diamonds,omnia-maysun-pure-white-necklace-in-92-5-silver-with-high-quality-simulated-diamonds,omnia-maysun-pure-white-bracelet-in-92-5-silver-with-high-quality-simulated-diamonds,kareenah-white-open-cuff-ring-in-925-silver-with-premium-simulated-diamonds"
omnia-lulwaan-silver-heart-earrings-in-925-silver-high-quality-grc-certifited-red-lab-grown-ruby-stones,"omnia-lulwaan-silver-heart-ring-in-925-silver-high-quality-grc-certifited-red-lab-grown-ruby-stones,omnia-lulwaan-silver-heart-shape-necklace-in-925-silver-high-quality-grc-certifited-red-lab-grown-ruby-stones,omnia-mahasin-red-bracelet-925-silver-certified-in-high-quality-lab-grown-ruby-stone,isalyn-ruby-red-bangle-with-high-quality-premium-simulated-diamonds-in-925-sterling-silver"
omnia-lulwaan-silver-heart-ring-in-925-silver-high-quality-grc-certifited-red-lab-grown-ruby-stones,"omnia-lulwaan-silver-heart-earrings-in-925-silver-high-quality-grc-certifited-red-lab-grown-ruby-stones,omnia-lulwaan-silver-heart-shape-necklace-in-925-silver-high-quality-grc-certifited-red-lab-grown-ruby-stones,omnia-mahasin-red-bracelet-925-silver-certified-in-high-quality-lab-grown-ruby-stone,isalyn-ruby-red-bangle-with-high-quality-premium-simulated-diamonds-in-925-sterling-silver"
omnia-bianca-earrings-in-925-silver-with-high-quality-moissanite-stones,"omnia-bianca-clover-pendant-necklace-in-92-5-silver-with-high-quality-iced-cut-stones,bahja-golden-white-moissanite-with-gra-certified-bracelet-in-925-silver-rd4-5mm,azmira-royal-design-marquise-cut-white-moissanite-stone-ring-with-gra-certified-high-quality-in-925-silver-6x12mm-2ct,aya-shine-dragon-design-multicolor-bangle-in-925-silver-with-high-quality-simulated-diamonds"
omnia-mayar-light-gold-hair-clip-in-high-quality-zircon-stone-in-rhodium-plated,"omnia-mayar-white-ring-925-silver-high-quality-igi-certifited-high-quality-lab-grown-stones-1-3ct,omnia-abigail-green-crystal-stud-earrings-in-high-quality-zircon-stone-in-rhodium-plated,omnia-alreem-necklace-in-92-5-silver-in-high-quality-cz-zircon-stone,ameliora-emerald-cut-brick-lattice-wide-bracelet-with-premium-simulated-diamonds-in-925-sterling-silver"
omnia-inaya-silver-fresh-real-water-pearl-ring-in-925-silver-high-quality-simulated-diamonds,"omnia-inaya-golden-fresh-real-water-pearl-earrings-in-925-silver-high-quality-simulated-diamonds,omnia-inaya-silver-fresh-real-water-pearl-necklace-in-925-silver-high-quality-simulated-diamonds,eleniya-vintage-royal-pearl-and-pink-diamond-fringe-drop-bracelet-with-premium-simulated-diamonds-in-925-sterling-silver,dulce-royal-two-tone-pearl-bangle-with-premium-simulated-diamonds-in-925-sterling-silver"
omnia-inaya-golden-fresh-real-water-pearl-earrings-in-925-silver-high-quality-simulated-diamonds,"omnia-inaya-silver-fresh-real-water-pearl-necklace-in-925-silver-high-quality-simulated-diamonds,omnia-inaya-golden-fresh-real-water-pearl-ring-in-925-silver-high-quality-simulated-diamonds,eleniya-vintage-royal-pearl-and-pink-diamond-fringe-drop-bracelet-with-premium-simulated-diamonds-in-925-sterling-silver,dulce-royal-two-tone-pearl-bangle-with-premium-simulated-diamonds-in-925-sterling-silver"
omnia-inaya-silver-fresh-real-water-pearl-necklace-in-925-silver-high-quality-simulated-diamonds,"omnia-inaya-golden-fresh-real-water-pearl-earrings-in-925-silver-high-quality-simulated-diamonds,omnia-inaya-golden-fresh-real-water-pearl-ring-in-925-silver-high-quality-simulated-diamonds,eleniya-vintage-royal-pearl-and-pink-diamond-fringe-drop-bracelet-with-premium-simulated-diamonds-in-925-sterling-silver,dulce-royal-two-tone-pearl-bangle-with-premium-simulated-diamonds-in-925-sterling-silver"
omnia-inaya-golden-fresh-real-water-pearl-ring-in-925-silver-high-quality-simulated-diamonds,"omnia-inaya-golden-fresh-real-water-pearl-earrings-in-925-silver-high-quality-simulated-diamonds,omnia-inaya-silver-fresh-real-water-pearl-necklace-in-925-silver-high-quality-simulated-diamonds,eleniya-vintage-royal-pearl-and-pink-diamond-fringe-drop-bracelet-with-premium-simulated-diamonds-in-925-sterling-silver,dulce-royal-two-tone-pearl-bangle-with-premium-simulated-diamonds-in-925-sterling-silver"
omnia-salma-silver-and-green-full-set-with-high-quality-simulated-diamonds-rhodium-plated,"omnia-salma-crescent-earrings-with-green-and-white-zircon-in-high-quality-rhodium-plated,omnia-salma-crescent-earrings-with-maroon-and-white-zircon-in-high-quality-rhodium-plated,aryana-white-emerald-cut-ring-in-925-silver-with-high-quality-simulated-diamonds,omnia-nahlah-white-ring-925-silver-high-quality-gra-certifited-high-quality-moissanite-stone-3ct"
omnia-mahtab-pearl-long-chain-in-925-silver-with-high-quality-simulated-diamonds,"omnia-stella-floral-earrings-in-92-5-silver-with-high-quality-simulated-diamonds,omnia-stella-rose-silver-brooch-in-925-silver-high-quality-simulated-diamonds,eunice-floral-bracelet-with-certified-high-quality-premium-simulated-diamonds-in-925-sterling-silver,abla-blue-floral-ring-in-925-silver-with-marquise-and-pear-cut-high-quality-simulated-diamonds"
mnia-halima-fresh-real-water-pearl-brooch-in-92-5-silver-high-quality-simulated-diamonds,"omnia-halima-white-ring-92-5-silver-certified-in-high-quality-moissanite-stone,allison-multicolor-floral-design-double-pearl-drop-earrings-with-high-quality-simulated-diamonds-in-925-silver,najaah-floral-fresh-water-pearl-necklace-in-925-silver-with-high-quality-simulated-diamonds,eleniya-vintage-royal-pearl-and-pink-diamond-fringe-drop-bracelet-with-premium-simulated-diamonds-in-925-sterling-silver"
samiha-purple-heart-earrings-in-925-silver-high-quality-simulated-diamonds,"samiha-purple-heart-necklace-in-925-silver-high-quality-simulated-diamonds,omnia-faryal-oval-purple-stone-ring-in-92-5-silver-with-high-quality-simulated-diamonds,omnia-zenah-white-bangle-with-high-quality-simulated-diamonds-in-925-silver,omnia-sia-pink-coral-floral-brooch-in-925-silver-high-quality-purple-and-white-simulated-diamonds"
omnia-louise-turquoise-necklace-in-925-silver-high-quality-simulated-diamonds,"omnia-louise-blue-bracelet-in-92-5-silver-high-quality-simulated-diamonds,omnia-heart-shaped-stud-earrings-with-turquoise-gemstones-and-high-quality-simulated-diamonds-in-a-rhodium-plated-finish,abla-blue-floral-ring-in-925-silver-with-marquise-and-pear-cut-high-quality-simulated-diamonds,alani-baby-blue-brooch-with-certified-high-quality-premium-simulated-diamonds-in-925-sterling-silver"
omnia-medusa-yellow-bridal-full-set-in-925-silver-high-quality-simulated-diamonds,"omnia-medusa-earring-in-92-5-silver-high-quality-white-zircon-stone-in-rhodium-plated,isabell-yellow-and-white-pear-cut-ring-in-925-silver-with-high-quality-simulated-diamonds,kiana-yellow-flower-design-ring-with-high-quality-simulated-diamonds-in-925-silver,lorena-yellow-and-white-ring-in-925-silver-with-high-quality-simulated-diamonds"
omnia-nawwar-red-and-pink-necklace-and-earrings-set-925-silver-in-high-quality-simulated-diamonds,"omnia-nawwar-red-and-pink-drop-earrings-925-silver-in-high-quality-lab-crafted-diamonds,charlize-pink-princess-cut-inspired-ring-in-925-silver-with-premium-cubic-zirconia-stones,ayeisa-woven-red-leather-bracelet-with-certified-high-quality-premium-simulated-diamonds-in-925-sterling-silver,isalyn-ruby-red-bangle-with-high-quality-premium-simulated-diamonds-in-925-sterling-silver"
omnia-mahasin-red-bracelet-925-silver-certified-in-high-quality-lab-grown-ruby-stone,"omnia-mahasin-blue-heart-shape-earrings-925-silver-certified-in-high-quality-lab-grown-sapphire-stone,alodia-ruby-red-necklace-with-certified-premium-simulated-diamonds-in-925-sterling-silver,henrietta-lab-grown-red-ruby-ring-with-grc-certificate-round-5mm-in-925-sterling-silver,isalyn-ruby-red-bangle-with-high-quality-premium-simulated-diamonds-in-925-sterling-silver"
omnia-mahasin-blue-bracelet-925-silver-certified-in-high-quality-lab-grown-sapphire-stone,"omnia-mahasin-blue-heart-shape-earrings-925-silver-certified-in-high-quality-lab-grown-sapphire-stone,henrietta-lab-grown-blue-sapphire-pendant-with-grc-certificate-round-5mm-in-925-sterling-silver,carolina-lab-grown-blue-sapphire-pear-cut-ring-6x9mm-with-grc-certificate-in-925-sterling-silver,alani-baby-blue-brooch-with-certified-high-quality-premium-simulated-diamonds-in-925-sterling-silver"
omnia-mahasin-green-bracelet-925-silver-certified-in-high-quality-lab-grown-emerald-stone,"omnia-mahasin-blue-heart-shape-earrings-925-silver-certified-in-high-quality-lab-grown-sapphire-stone,aubrianna-synthetic-green-stone-pendant-emerald-cut-6-8mm-in-925-sterling-silver,omnia-damiyah-emerald-green-floral-silver-ring-in-925-silver-with-high-quality-simulated-diamonds,nymeria-emerald-green-brooch-with-high-quality-premium-simulated-diamonds-in-925-sterling-silver"
omnia-mahasin-blue-heart-shape-earrings-925-silver-certified-in-high-quality-lab-grown-sapphire-stone,"omnia-mahasin-blue-bracelet-925-silver-certified-in-high-quality-lab-grown-sapphire-stone,janiya-blue-lab-grown-sapphire-pendant-with-grc-certificate-heart-6-6mm-in-925-sterling-silver,janiya-blue-lab-grown-sapphire-ring-with-grc-certificate-heart-6-6mm-in-925-sterling-silver,alani-baby-blue-brooch-with-certified-high-quality-premium-simulated-diamonds-in-925-sterling-silver"
omnia-halima-white-ring-92-5-silver-certified-in-high-quality-moissanite-stone,"mnia-halima-fresh-real-water-pearl-brooch-in-92-5-silver-high-quality-simulated-diamonds,adah-round-white-earrings-with-high-quality-simulated-diamonds-in-925-silver,adah-round-white-pendant-necklace-with-high-quality-simulated-diamonds-in-925-silver,bahja-golden-white-moissanite-with-gra-certified-bracelet-in-925-silver-rd4-5mm"
omnia-fairuz-green-bracelet-set-in-high-quality-zircon-stone-in-tarnish-resistant-plating,"omnia-fairuz-white-bracelet-in-high-quality-zircon-stone-in-tarnish-resistant-plating,adesina-green-ring-with-certified-high-quality-premium-simulated-diamonds-in-925-sterling-silver,destiny-green-ring-with-certified-premium-simulated-diamonds-in-925-sterling-silver,kamili-green-ring-with-certified-high-quality-premium-simulated-diamonds-in-925-sterling-silver"
omnia-golden-clove-bracelet-with-high-quality-simulated-diamonds-gold-plated,"omnia-golden-clove-stud-earrings-with-high-quality-simulated-diamonds-gold-plated,omnia-golden-clove-ring-with-high-quality-simulated-diamonds-gold-plated,amiyah-gold-plated-necklace-with-certified-premium-simulated-diamonds-in-925-sterling-silver,omnia-areej-gold-plated-copper-bangle-with-high-quality-simulated-diamonds"
omnia-celeste-mother-of-pearl-pendant-necklace-with-star-detail-in-high-quality-gold-plated,"omnia-celeste-white-mabel-pearl-halo-stud-earrings-with-blue-sapphire-accents-in-brass-with-gold-plated-finish,omnia-celeste-white-mabel-pearl-halo-ring-with-blue-sapphire-accents-in-brass-with-gold-plated-finish,omnia-celeste-bow-design-bangle-in-92-5-silver-with-high-quality-simulated-diamonds-and-intricate-detailing,arwenna-fluted-ribbed-spindle-gold-plated-bracelet-with-premium-simulated-diamonds-in-925-sterling-silver"
omnia-amara-brooch-in-92-5-silver-with-high-quality-simulated-diamonds,"omnia-amara-yellow-pearl-drop-earrings-in-92-5-silver-with-high-quality-simulated-diamonds,adah-round-white-pendant-necklace-with-high-quality-simulated-diamonds-in-925-silver,ameliora-emerald-cut-brick-lattice-wide-bracelet-with-premium-simulated-diamonds-in-925-sterling-silver,abla-blue-floral-ring-in-925-silver-with-marquise-and-pear-cut-high-quality-simulated-diamonds"
omnia-aida-ring-92-5-silver-high-quality-simulated-diamonds,"omnia-aida-earrings-in-92-5-silver-high-quality-natural-tourmaline,adah-round-white-pendant-necklace-with-high-quality-simulated-diamonds-in-925-silver,ameliora-emerald-cut-brick-lattice-wide-bracelet-with-premium-simulated-diamonds-in-925-sterling-silver,aya-shine-dragon-design-multicolor-bangle-in-925-silver-with-high-quality-simulated-diamonds"
omnia-medusa-red-bridal-full-set-in-92-5-silver-high-quality-simulated-diamonds,"omnia-medusa-earring-in-92-5-silver-high-quality-white-zircon-stone-in-rhodium-plated,abla-red-floral-ring-in-925-silver-with-marquise-and-pear-cut-high-quality-simulated-diamonds,catriona-red-ring-with-certified-high-quality-premium-simulated-diamonds-in-925-sterling-silver,malaika-imperial-red-gemstone-ring-with-certified-high-quality-premium-simulated-diamonds-in-925-sterling-silver"
omnia-golden-clove-stud-earrings-with-high-quality-simulated-diamonds-gold-plated,"omnia-golden-clove-bracelet-with-high-quality-simulated-diamonds-gold-plated,omnia-golden-clove-ring-with-high-quality-simulated-diamonds-gold-plated,amiyah-gold-plated-necklace-with-certified-premium-simulated-diamonds-in-925-sterling-silver,omnia-areej-gold-plated-copper-bangle-with-high-quality-simulated-diamonds"
omnia-baraa-white-bridal-necklace-earrings-set-in-925-silver-with-pear-and-marquise-cut-high-quality-simulated-diamonds-1,"omnia-abir-white-bridal-drop-earrings-in-925-silver-with-pear-and-marquise-cut-high-quality-simulated-diamonds,abir-blue-drop-earrings-with-premium-simulated-diamonds-in-925-sterling-silver,amor-white-cushion-cut-ring-in-925-silver-with-high-quality-simulated-diamonds,aryana-white-emerald-cut-ring-in-925-silver-with-high-quality-simulated-diamonds"
omnia-infinity-chains-bridal-full-set-with-high-quality-simulated-diamonds-gold-plated,"omnia-aqua-flower-stud-earrings-in-92-5-silver-with-high-quality-simulated-diamonds,omnia-pearl-butterfly-earrings-in-92-5-silver-with-high-quality-simulated-diamonds,omnia-rose-white-drop-earrings-in-925-silver-with-high-quality-simulated-diamonds,heart-red-necklace-925-silver-in-high-quality-simulated-diamonds"
omnia-infinity-chains-bridal-full-set-with-high-quality-simulated-diamonds-gold-plated-copy,"omnia-golden-clove-stud-earrings-with-high-quality-simulated-diamonds-gold-plated,omnia-golden-clove-bracelet-with-high-quality-simulated-diamonds-gold-plated,omnia-golden-clove-ring-with-high-quality-simulated-diamonds-gold-plated,amiyah-gold-plated-necklace-with-certified-premium-simulated-diamonds-in-925-sterling-silver"
omnia-golden-clove-ring-with-high-quality-simulated-diamonds-gold-plated,"omnia-golden-clove-stud-earrings-with-high-quality-simulated-diamonds-gold-plated,omnia-golden-clove-bracelet-with-high-quality-simulated-diamonds-gold-plated,amiyah-gold-plated-necklace-with-certified-premium-simulated-diamonds-in-925-sterling-silver,omnia-areej-gold-plated-copper-bangle-with-high-quality-simulated-diamonds"
omnia-vanya-blue-necklace-earrings-set-in-925-silver-with-pear-cut-high-quality-simulated-diamonds,"omnia-vanya-blue-drop-earrings-in-925-silver-with-pear-cut-high-quality-simulated-diamonds,omnia-vanya-white-drop-earrings-in-925-silver-with-pear-cut-high-quality-simulated-diamonds,abla-blue-floral-ring-in-925-silver-with-marquise-and-pear-cut-high-quality-simulated-diamonds,isabell-blue-and-white-pear-cut-ring-in-925-silver-with-high-quality-simulated-diamonds"
omnia-hend-bridal-full-set-copy,"abla-red-floral-ring-in-925-silver-with-marquise-and-pear-cut-high-quality-simulated-diamonds,abla-blue-floral-ring-in-925-silver-with-marquise-and-pear-cut-high-quality-simulated-diamonds,abla-white-floral-drop-earrings-in-925-silver-with-marquise-and-pear-cut-high-quality-simulated-diamonds-copy,abla-red-floral-drop-earrings-in-925-silver-with-marquise-and-pear-cut-high-quality-simulated-diamonds-copy"
omnia-bianca-clover-pendant-necklace-in-92-5-silver-with-high-quality-iced-cut-stones,"omnia-bianca-earrings-in-925-silver-with-high-quality-moissanite-stones,bahja-golden-white-moissanite-with-gra-certified-bracelet-in-925-silver-rd4-5mm,azmira-royal-design-marquise-cut-white-moissanite-stone-ring-with-gra-certified-high-quality-in-925-silver-6x12mm-2ct,aya-shine-dragon-design-multicolor-bangle-in-925-silver-with-high-quality-simulated-diamonds"
omnia-asfar-stud-earrings-in-brass-gold-plated-with-mother-of-pearl,"omnia-asfar-pendant-necklace-in-brass-gold-plated-with-mother-of-pearl,omnia-celeste-white-mabel-pearl-halo-ring-with-blue-sapphire-accents-in-brass-with-gold-plated-finish,arwenna-fluted-ribbed-spindle-gold-plated-bracelet-with-premium-simulated-diamonds-in-925-sterling-silver,omnia-areej-gold-plated-copper-bangle-with-high-quality-simulated-diamonds"
omnia-asfar-pendant-necklace-in-brass-gold-plated-with-mother-of-pearl,"omnia-asfar-dangle-earrings-in-brass-gold-plated-with-mother-of-pearl,omnia-celeste-white-mabel-pearl-halo-ring-with-blue-sapphire-accents-in-brass-with-gold-plated-finish,arwenna-fluted-ribbed-spindle-gold-plated-bracelet-with-premium-simulated-diamonds-in-925-sterling-silver,omnia-areej-gold-plated-copper-bangle-with-high-quality-simulated-diamonds"
omnia-asfar-dangle-earrings-in-brass-gold-plated-with-mother-of-pearl,"omnia-asfar-pendant-necklace-in-brass-gold-plated-with-mother-of-pearl,omnia-celeste-white-mabel-pearl-halo-ring-with-blue-sapphire-accents-in-brass-with-gold-plated-finish,arwenna-fluted-ribbed-spindle-gold-plated-bracelet-with-premium-simulated-diamonds-in-925-sterling-silver,omnia-areej-gold-plated-copper-bangle-with-high-quality-simulated-diamonds"
omnia-livia-queen-shell-geometric-ring-with-colorful-enamel-accents-in-brass-with-gold-plated-finish,"omnia-livia-queen-shell-geometric-drop-earrings-with-colorful-enamel-accents-in-brass-with-gold-plated-finish,omnia-livia-queen-shell-geometric-pendant-necklace-with-colorful-enamel-accents-in-brass-with-gold-plated-finish,arwenna-fluted-ribbed-spindle-gold-plated-bracelet-with-premium-simulated-diamonds-in-925-sterling-silver,omnia-areej-gold-plated-copper-bangle-with-high-quality-simulated-diamonds"
omnia-livia-queen-shell-geometric-pendant-necklace-with-colorful-enamel-accents-in-brass-with-gold-plated-finish,"omnia-livia-queen-shell-geometric-drop-earrings-with-colorful-enamel-accents-in-brass-with-gold-plated-finish,omnia-livia-queen-shell-geometric-ring-with-colorful-enamel-accents-in-brass-with-gold-plated-finish,arwenna-fluted-ribbed-spindle-gold-plated-bracelet-with-premium-simulated-diamonds-in-925-sterling-silver,omnia-areej-gold-plated-copper-bangle-with-high-quality-simulated-diamonds"
omnia-livia-queen-shell-geometric-drop-earrings-with-colorful-enamel-accents-in-brass-with-gold-plated-finish,"omnia-livia-queen-shell-geometric-pendant-necklace-with-colorful-enamel-accents-in-brass-with-gold-plated-finish,omnia-livia-queen-shell-geometric-ring-with-colorful-enamel-accents-in-brass-with-gold-plated-finish,arwenna-fluted-ribbed-spindle-gold-plated-bracelet-with-premium-simulated-diamonds-in-925-sterling-silver,omnia-areej-gold-plated-copper-bangle-with-high-quality-simulated-diamonds"
omnia-selene-malachite-and-black-agate-geometric-ring-with-zircon-accents-in-brass-with-gold-plated-finish,"omnia-selene-malachite-and-black-agate-geometric-stud-earrings-with-zircon-accents-in-brass-with-gold-plated-finish,omnia-selene-malachite-and-black-agate-geometric-pendant-necklace-with-zircon-accents-in-92-5-silver-and-brass-with-gold-plated-finish,arwenna-fluted-ribbed-spindle-gold-plated-bracelet-with-premium-simulated-diamonds-in-925-sterling-silver,omnia-areej-gold-plated-copper-bangle-with-high-quality-simulated-diamonds"
omnia-leona-white-mabel-pearl-classic-stud-earrings-with-textured-beaded-frame-in-brass-with-gold-plated-finish,"omnia-leona-white-mabel-pearl-classic-pendant-necklace-with-textured-beaded-frame-in-brass-with-gold-plated-finish,omnia-leona-white-mabel-pearl-classic-ring-with-textured-beaded-frame-in-brass-with-gold-plated-finish,omnia-elna-bracelet-in-brass-gold-plated-with-white-shell-delicate-chain-design,omnia-areej-gold-plated-copper-bangle-with-high-quality-simulated-diamonds"
omnia-leona-white-mabel-pearl-classic-pendant-necklace-with-textured-beaded-frame-in-brass-with-gold-plated-finish,"omnia-leona-white-mabel-pearl-classic-stud-earrings-with-textured-beaded-frame-in-brass-with-gold-plated-finish,omnia-leona-white-mabel-pearl-classic-ring-with-textured-beaded-frame-in-brass-with-gold-plated-finish,omnia-elna-bracelet-in-brass-gold-plated-with-white-shell-delicate-chain-design,omnia-areej-gold-plated-copper-bangle-with-high-quality-simulated-diamonds"
omnia-leona-white-mabel-pearl-classic-ring-with-textured-beaded-frame-in-brass-with-gold-plated-finish,"omnia-leona-white-mabel-pearl-classic-stud-earrings-with-textured-beaded-frame-in-brass-with-gold-plated-finish,omnia-leona-white-mabel-pearl-classic-pendant-necklace-with-textured-beaded-frame-in-brass-with-gold-plated-finish,omnia-elna-bracelet-in-brass-gold-plated-with-white-shell-delicate-chain-design,omnia-areej-gold-plated-copper-bangle-with-high-quality-simulated-diamonds"
omnia-serena-white-mabel-pearl-halo-stud-earrings-with-multi-color-zircon-accents-in-brass-with-gold-plated-finish,"omnia-serena-white-mabel-pearl-halo-ring-with-multi-color-zircon-accents-in-brass-with-gold-plated-finish,omnia-aurelia-white-shell-mother-of-pearl-round-pendant-necklace-with-floral-zircon-accents-in-brass-with-gold-plated-finish,azaria-textured-butterfly-halo-gold-plated-bracelet-with-premium-simulated-diamonds-in-925-sterling-silver,omnia-areej-gold-plated-copper-bangle-with-high-quality-simulated-diamonds"
omnia-serena-white-mabel-pearl-halo-ring-with-multi-color-zircon-accents-in-brass-with-gold-plated-finish,"omnia-serena-white-mabel-pearl-halo-stud-earrings-with-multi-color-zircon-accents-in-brass-with-gold-plated-finish,omnia-aurelia-white-shell-mother-of-pearl-round-pendant-necklace-with-floral-zircon-accents-in-brass-with-gold-plated-finish,azaria-textured-butterfly-halo-gold-plated-bracelet-with-premium-simulated-diamonds-in-925-sterling-silver,omnia-areej-gold-plated-copper-bangle-with-high-quality-simulated-diamonds"
omnia-celeste-white-mabel-pearl-halo-ring-with-blue-sapphire-accents-in-brass-with-gold-plated-finish,"omnia-celeste-white-mabel-pearl-halo-stud-earrings-with-blue-sapphire-accents-in-brass-with-gold-plated-finish,omnia-celeste-white-mabel-pearl-halo-pendant-necklace-with-blue-sapphire-accents-in-brass-with-gold-plated-finish,omnia-celeste-bow-design-bangle-in-92-5-silver-with-high-quality-simulated-diamonds-and-intricate-detailing,maysun-baby-blue-gold-plated-bracelet-in-925-silver-with-premium-simulated-diamonds"
omnia-celeste-white-mabel-pearl-halo-pendant-necklace-with-blue-sapphire-accents-in-brass-with-gold-plated-finish,"omnia-celeste-white-mabel-pearl-halo-stud-earrings-with-blue-sapphire-accents-in-brass-with-gold-plated-finish,omnia-celeste-white-mabel-pearl-halo-ring-with-blue-sapphire-accents-in-brass-with-gold-plated-finish,omnia-celeste-bow-design-bangle-in-92-5-silver-with-high-quality-simulated-diamonds-and-intricate-detailing,maysun-baby-blue-gold-plated-bracelet-in-925-silver-with-premium-simulated-diamonds"
omnia-celeste-white-mabel-pearl-halo-stud-earrings-with-blue-sapphire-accents-in-brass-with-gold-plated-finish,"omnia-celeste-white-mabel-pearl-halo-pendant-necklace-with-blue-sapphire-accents-in-brass-with-gold-plated-finish,omnia-celeste-white-mabel-pearl-halo-ring-with-blue-sapphire-accents-in-brass-with-gold-plated-finish,omnia-celeste-bow-design-bangle-in-92-5-silver-with-high-quality-simulated-diamonds-and-intricate-detailing,maysun-baby-blue-gold-plated-bracelet-in-925-silver-with-premium-simulated-diamonds"
omnia-layal-sunburst-lapis-pendant-necklace-with-beaded-accents-in-brass-with-gold-plated-finish,"omnia-layal-radiant-fan-lapis-earrings-with-dangling-beaded-accents-in-brass-with-gold-plated-finish,omnia-layal-vintage-oval-lapis-statement-ring-with-geometric-detailing-in-brass-with-gold-plated-finish,arwenna-fluted-ribbed-spindle-gold-plated-bracelet-with-premium-simulated-diamonds-in-925-sterling-silver,omnia-areej-gold-plated-copper-bangle-with-high-quality-simulated-diamonds"
omnia-layal-radiant-fan-lapis-earrings-with-dangling-beaded-accents-in-brass-with-gold-plated-finish,"omnia-layal-sunburst-lapis-pendant-necklace-with-beaded-accents-in-brass-with-gold-plated-finish,omnia-layal-vintage-oval-lapis-statement-ring-with-geometric-detailing-in-brass-with-gold-plated-finish,arwenna-fluted-ribbed-spindle-gold-plated-bracelet-with-premium-simulated-diamonds-in-925-sterling-silver,omnia-areej-gold-plated-copper-bangle-with-high-quality-simulated-diamonds"
omnia-layal-vintage-oval-lapis-statement-ring-with-geometric-detailing-in-brass-with-gold-plated-finish,"omnia-layal-radiant-fan-lapis-earrings-with-dangling-beaded-accents-in-brass-with-gold-plated-finish,omnia-layal-sunburst-lapis-pendant-necklace-with-beaded-accents-in-brass-with-gold-plated-finish,arwenna-fluted-ribbed-spindle-gold-plated-bracelet-with-premium-simulated-diamonds-in-925-sterling-silver,omnia-areej-gold-plated-copper-bangle-with-high-quality-simulated-diamonds"
omnia-selene-malachite-and-black-agate-geometric-stud-earrings-with-zircon-accents-in-brass-with-gold-plated-finish,"omnia-selene-malachite-and-black-agate-geometric-pendant-necklace-with-zircon-accents-in-92-5-silver-and-brass-with-gold-plated-finish,omnia-selene-malachite-and-black-agate-geometric-ring-with-zircon-accents-in-brass-with-gold-plated-finish,arwenna-fluted-ribbed-spindle-gold-plated-bracelet-with-premium-simulated-diamonds-in-925-sterling-silver,omnia-areej-gold-plated-copper-bangle-with-high-quality-simulated-diamonds"
omnia-selene-malachite-and-black-agate-geometric-pendant-necklace-with-zircon-accents-in-92-5-silver-and-brass-with-gold-plated-finish,"omnia-selene-malachite-and-black-agate-geometric-stud-earrings-with-zircon-accents-in-brass-with-gold-plated-finish,omnia-selene-malachite-and-black-agate-geometric-ring-with-zircon-accents-in-brass-with-gold-plated-finish,arwenna-fluted-ribbed-spindle-gold-plated-bracelet-with-premium-simulated-diamonds-in-925-sterling-silver,omnia-areej-gold-plated-copper-bangle-with-high-quality-simulated-diamonds"
omnia-layla-pure-white-floral-crescent-hoop-earrings-with-zircon-accents-in-high-quality-zircon-stone-rhodium-plated,"omnia-layla-blue-necklace-in-92-5-silver-with-high-quality-simulated-diamonds,omnia-damiyah-white-floral-silver-ring-in-925-silver-with-high-quality-simulated-diamonds,bahja-golden-white-moissanite-with-gra-certified-bracelet-in-925-silver-rd4-5mm,kareenah-white-open-cuff-ring-in-925-silver-with-premium-simulated-diamonds"
omnia-white-rose-earrings-with-high-quality-zircon-stones-in-rhodium-plated,"heart-red-necklace-925-silver-in-high-quality-simulated-diamonds,omnia-silver-rose-brooch-in-92-5-silver-with-high-quality-simulated-diamonds,bahja-golden-white-moissanite-with-gra-certified-bracelet-in-925-silver-rd4-5mm,amor-white-cushion-cut-ring-in-925-silver-with-high-quality-simulated-diamonds"
omnia-white-blossom-earrings-with-high-quality-zircon-stones-in-rhodium-plated,"omnia-blossom-black-beads-necklace-in-925-silver-with-high-quality-simulated-diamonds,omnia-blossom-black-beads-bracelet-in-925-silver-with-high-quality-simulated-diamonds,amor-white-cushion-cut-ring-in-925-silver-with-high-quality-simulated-diamonds,kareenah-white-open-cuff-ring-in-925-silver-with-premium-simulated-diamonds"
omnia-white-floral-drop-earrings-with-high-quality-zircon-stones-in-rhodium-plated,"heart-red-necklace-925-silver-in-high-quality-simulated-diamonds,omnia-silver-rose-brooch-in-92-5-silver-with-high-quality-simulated-diamonds,omnia-damiyah-white-floral-silver-ring-in-925-silver-with-high-quality-simulated-diamonds,bahja-golden-white-moissanite-with-gra-certified-bracelet-in-925-silver-rd4-5mm"
omnia-serena-emerald-heart-shaped-stud-earrings-with-high-quality-zircon-stones-in-rhodium-plated,"omnia-serena-white-mabel-pearl-halo-ring-with-multi-color-zircon-accents-in-brass-with-gold-plated-finish,ingela-emerald-cut-moissanite-necklace-8x10mm-4ct-in-925-sterling-silver,ameliora-emerald-cut-brick-lattice-wide-bracelet-with-premium-simulated-diamonds-in-925-sterling-silver,nymeria-emerald-green-brooch-with-high-quality-premium-simulated-diamonds-in-925-sterling-silver"
omnia-serena-turquoise-heart-shaped-stud-earrings-with-high-quality-zircon-stones-in-rhodium-plated,"omnia-serena-white-mabel-pearl-halo-ring-with-multi-color-zircon-accents-in-brass-with-gold-plated-finish,omnia-louise-turquoise-necklace-in-925-silver-high-quality-simulated-diamonds,omnia-louise-blue-bracelet-in-92-5-silver-high-quality-simulated-diamonds,alani-baby-blue-brooch-with-certified-high-quality-premium-simulated-diamonds-in-925-sterling-silver"
omnia-serena-white-heart-shaped-stud-earrings-with-high-quality-zircon-stones-in-rhodium-plated,"omnia-serena-white-mabel-pearl-halo-ring-with-multi-color-zircon-accents-in-brass-with-gold-plated-finish,agna-heart-4-0mm-white-simulated-diamonds-tennis-necklace-in-925-silver,omnia-emma-white-heart-bracelet-set-in-925-silver-with-high-quality-moissanite-stones,kareenah-white-open-cuff-ring-in-925-silver-with-premium-simulated-diamonds"
omnia-serena-purple-heart-shaped-stud-earrings-with-high-quality-zircon-stones-in-rhodium-plated,"omnia-serena-white-mabel-pearl-halo-ring-with-multi-color-zircon-accents-in-brass-with-gold-plated-finish,samiha-purple-heart-necklace-in-925-silver-high-quality-simulated-diamonds,omnia-zenah-white-bangle-with-high-quality-simulated-diamonds-in-925-silver,omnia-sia-pink-coral-floral-brooch-in-925-silver-high-quality-purple-and-white-simulated-diamonds"
omnia-serena-pink-heart-shaped-stud-earrings-with-high-quality-zircon-stones-in-rhodium-plated,"omnia-serena-white-mabel-pearl-halo-ring-with-multi-color-zircon-accents-in-brass-with-gold-plated-finish,louise-pink-necklace-in-925-silver-high-quality-simulated-diamonds,eleniya-vintage-royal-pearl-and-pink-diamond-fringe-drop-bracelet-with-premium-simulated-diamonds-in-925-sterling-silver,kareenah-pink-open-cuff-ring-in-925-silver-with-premium-simulated-diamonds"
omnia-pink-golden-halo-stud-earrings-in-high-quality-zircon-stone-in-rhodium-plated,"heart-red-necklace-925-silver-in-high-quality-simulated-diamonds,omnia-silver-rose-brooch-in-92-5-silver-with-high-quality-simulated-diamonds,eleniya-vintage-royal-pearl-and-pink-diamond-fringe-drop-bracelet-with-premium-simulated-diamonds-in-925-sterling-silver,annie-pink-ring-with-certified-premium-simulated-diamonds-in-925-sterling-silver"
omnia-pearl-butterfly-necklace-in-92-5-silver-with-high-quality-simulated-diamonds,"omnia-pearl-butterfly-earrings-in-92-5-silver-with-high-quality-simulated-diamonds,omnia-silver-rose-brooch-in-92-5-silver-with-high-quality-simulated-diamonds,eleniya-vintage-royal-pearl-and-pink-diamond-fringe-drop-bracelet-with-premium-simulated-diamonds-in-925-sterling-silver,avalina-fresh-water-pearl-ring-in-925-silver-with-high-quality-simulated-diamonds"
omnia-coral-butterfly-necklace-in-92-5-silver-with-high-quality-simulated-diamonds,"omnia-coral-butterfly-brooch-in-92-5-silver-with-high-quality-simulated-diamonds,alara-yellow-butterfly-clip-earrings-in-925-silver-with-high-quality-simulated-diamonds,omnia-dana-butterfly-ring-in-92-5-silver-high-quality-simulated-diamonds,ameliora-emerald-cut-brick-lattice-wide-bracelet-with-premium-simulated-diamonds-in-925-sterling-silver"
omnia-pearl-butterfly-earrings-in-92-5-silver-with-high-quality-simulated-diamonds,"omnia-pearl-butterfly-necklace-in-92-5-silver-with-high-quality-simulated-diamonds,omnia-silver-rose-brooch-in-92-5-silver-with-high-quality-simulated-diamonds,eleniya-vintage-royal-pearl-and-pink-diamond-fringe-drop-bracelet-with-premium-simulated-diamonds-in-925-sterling-silver,avalina-fresh-water-pearl-ring-in-925-silver-with-high-quality-simulated-diamonds"
omnia-coral-butterfly-brooch-in-92-5-silver-with-high-quality-simulated-diamonds,"omnia-coral-butterfly-necklace-in-92-5-silver-with-high-quality-simulated-diamonds,alara-yellow-butterfly-clip-earrings-in-925-silver-with-high-quality-simulated-diamonds,omnia-dana-butterfly-ring-in-92-5-silver-high-quality-simulated-diamonds,ameliora-emerald-cut-brick-lattice-wide-bracelet-with-premium-simulated-diamonds-in-925-sterling-silver"
omnia-silver-rose-brooch-in-92-5-silver-with-high-quality-simulated-diamonds,"omnia-rose-white-drop-earrings-in-925-silver-with-high-quality-simulated-diamonds,heart-red-necklace-925-silver-in-high-quality-simulated-diamonds,ameliora-emerald-cut-brick-lattice-wide-bracelet-with-premium-simulated-diamonds-in-925-sterling-silver,abla-blue-floral-ring-in-925-silver-with-marquise-and-pear-cut-high-quality-simulated-diamonds"
omnia-floral-halo-earrings-with-ruby-red-simulated-diamonds-in-92-5-silver,"omnia-nayeli-floral-halo-ring-with-ruby-red-simulated-diamonds-in-925-silver,alodia-ruby-red-necklace-with-certified-premium-simulated-diamonds-in-925-sterling-silver,ayeisa-woven-red-leather-bracelet-with-certified-high-quality-premium-simulated-diamonds-in-925-sterling-silver,isalyn-ruby-red-bangle-with-high-quality-premium-simulated-diamonds-in-925-sterling-silver"
omnia-celeste-bow-design-bangle-in-92-5-silver-with-high-quality-simulated-diamonds-and-intricate-detailing,"omnia-celeste-bow-necklace-in-925-silver-with-high-quality-simulated-diamonds-and-elegant-geometric-detailing,omnia-celeste-white-mabel-pearl-halo-stud-earrings-with-blue-sapphire-accents-in-brass-with-gold-plated-finish,omnia-celeste-white-mabel-pearl-halo-ring-with-blue-sapphire-accents-in-brass-with-gold-plated-finish,ameliora-emerald-cut-brick-lattice-wide-bracelet-with-premium-simulated-diamonds-in-925-sterling-silver"
omnia-asiya-pink-necklace-92-5-silver-in-high-quality-simulated-diamonds,"omnia-asiya-maroon-bracelet-92-5-silver-in-high-quality-simulated-diamonds,nataly-pink-flower-design-earrings-with-high-quality-simulated-diamonds-in-925-silver,annie-pink-ring-with-certified-premium-simulated-diamonds-in-925-sterling-silver,kareenah-pink-open-cuff-ring-in-925-silver-with-premium-simulated-diamonds"
omnia-green-radiance-necklace-in-92-5-silver-with-high-quality-simulated-diamonds,"omnia-yellow-radiance-flower-stud-earrings-in-92-5-silver-with-high-quality-simulated-diamonds,omnia-maysun-bracelet-in-925-silver-high-quality-green-simulated-diamonds,adesina-green-ring-with-certified-high-quality-premium-simulated-diamonds-in-925-sterling-silver,nymeria-emerald-green-brooch-with-high-quality-premium-simulated-diamonds-in-925-sterling-silver"
omnia-asiya-maroon-bracelet-92-5-silver-in-high-quality-simulated-diamonds,"omnia-asiya-pink-necklace-92-5-silver-in-high-quality-simulated-diamonds,abla-white-floral-drop-earrings-in-925-silver-with-marquise-and-pear-cut-high-quality-simulated-diamonds-copy,abla-red-floral-ring-in-925-silver-with-marquise-and-pear-cut-high-quality-simulated-diamonds,isalyn-ruby-red-bangle-with-high-quality-premium-simulated-diamonds-in-925-sterling-silver"
omnia-thalia-pink-cushion-ring-in-92-5-silver-with-high-quality-simulated-diamonds,"omnia-thalia-pink-necklace-in-92-5-silver-high-quality-simulated-diamonds,nataly-pink-flower-design-earrings-with-high-quality-simulated-diamonds-in-925-silver,eleniya-vintage-royal-pearl-and-pink-diamond-fringe-drop-bracelet-with-premium-simulated-diamonds-in-925-sterling-silver,kareenah-pink-open-cuff-ring-in-925-silver-with-premium-simulated-diamonds"
omnia-latifa-yellow-bridal-full-set-with-emerald-cut-and-teardrop-stones-in-high-quality-zircon-stone-in-rhodium-plated,"omnia-latifa-yellow-stud-earrings-in-92-5-silver-high-quality-simulated-diamonds,omnia-latifa-sky-blue-stud-earrings-in-92-5-silver-high-quality-simulated-diamonds,aryana-white-emerald-cut-ring-in-925-silver-with-high-quality-simulated-diamonds,diane-emerald-cut-moissanite-ring-5x7mm-1ct-in-925-sterling-silver-gold-plated"
omnia-camilla-white-bridal-full-set-with-fan-cut-stones-in-high-quality-zircon-stone-in-rhodium-plated,"omnia-camilla-golden-square-stud-earrings-in-92-5-silver-with-high-quality-iced-cut-stones,amor-white-cushion-cut-ring-in-925-silver-with-high-quality-simulated-diamonds,aryana-white-emerald-cut-ring-in-925-silver-with-high-quality-simulated-diamonds,azmira-royal-design-marquise-cut-white-moissanite-stone-ring-with-gra-certified-high-quality-in-925-silver-6x12mm-2ct"
omnia-maysun-baby-blue-bracelet-in-92-5-silver-with-high-quality-simulated-diamonds,"omnia-maysun-baby-blue-earrings-in-92-5-silver-with-high-quality-simulated-diamonds,omnia-maysun-baby-blue-necklace-in-92-5-silver-with-high-quality-simulated-diamonds,omnia-maysun-baby-blue-oval-ring-in-92-5-silver-with-high-quality-simulated-diamonds,alani-baby-blue-brooch-with-certified-high-quality-premium-simulated-diamonds-in-925-sterling-silver"
omnia-maysun-baby-blue-oval-ring-in-92-5-silver-with-high-quality-simulated-diamonds,"omnia-maysun-baby-blue-earrings-in-92-5-silver-with-high-quality-simulated-diamonds,omnia-maysun-baby-blue-necklace-in-92-5-silver-with-high-quality-simulated-diamonds,omnia-maysun-baby-blue-bracelet-in-92-5-silver-with-high-quality-simulated-diamonds,alani-baby-blue-brooch-with-certified-high-quality-premium-simulated-diamonds-in-925-sterling-silver"
omnia-maysun-baby-blue-earrings-in-92-5-silver-with-high-quality-simulated-diamonds,"omnia-maysun-baby-blue-necklace-in-92-5-silver-with-high-quality-simulated-diamonds,omnia-maysun-baby-blue-bracelet-in-92-5-silver-with-high-quality-simulated-diamonds,omnia-maysun-baby-blue-oval-ring-in-92-5-silver-with-high-quality-simulated-diamonds,alani-baby-blue-brooch-with-certified-high-quality-premium-simulated-diamonds-in-925-sterling-silver"
omnia-maysun-baby-blue-necklace-in-92-5-silver-with-high-quality-simulated-diamonds,"omnia-maysun-baby-blue-earrings-in-92-5-silver-with-high-quality-simulated-diamonds,omnia-maysun-baby-blue-bracelet-in-92-5-silver-with-high-quality-simulated-diamonds,omnia-maysun-baby-blue-oval-ring-in-92-5-silver-with-high-quality-simulated-diamonds,alani-baby-blue-brooch-with-certified-high-quality-premium-simulated-diamonds-in-925-sterling-silver"
omnia-maysun-pink-bracelet-in-92-5-silver-with-high-quality-simulated-diamonds,"omnia-maysun-pink-earrings-in-92-5-silver-with-high-quality-simulated-diamonds,omnia-maysun-pink-necklace-in-925-silver-with-high-quality-simulated-diamonds,omnia-maysun-pink-oval-ring-in-92-5-silver-with-high-quality-simulated-diamonds,kareenah-pink-open-cuff-ring-in-925-silver-with-premium-simulated-diamonds"
omnia-maysun-pink-earrings-in-92-5-silver-with-high-quality-simulated-diamonds,"omnia-maysun-pink-necklace-in-925-silver-with-high-quality-simulated-diamonds,omnia-maysun-pink-bracelet-in-92-5-silver-with-high-quality-simulated-diamonds,omnia-maysun-pink-oval-ring-in-92-5-silver-with-high-quality-simulated-diamonds,kareenah-pink-open-cuff-ring-in-925-silver-with-premium-simulated-diamonds"
omnia-maysun-pink-oval-ring-in-92-5-silver-with-high-quality-simulated-diamonds,"omnia-maysun-pink-earrings-in-92-5-silver-with-high-quality-simulated-diamonds,omnia-maysun-pink-necklace-in-925-silver-with-high-quality-simulated-diamonds,omnia-maysun-pink-bracelet-in-92-5-silver-with-high-quality-simulated-diamonds,kareenah-pink-open-cuff-ring-in-925-silver-with-premium-simulated-diamonds"
omnia-najma-green-set-in-92-5-silver-with-high-quality-simulated-diamonds-and-green-tassel-accents,"omnia-najma-floral-design-long-drop-earrings-with-high-quality-zircon-stones-in-rhodium-plated-finish,omnia-najma-golden-floral-design-long-drop-earrings-with-high-quality-zircon-stones-in-rhodium-plated-finish,adesina-green-ring-with-certified-high-quality-premium-simulated-diamonds-in-925-sterling-silver,destiny-green-ring-with-certified-premium-simulated-diamonds-in-925-sterling-silver"
omnia-dalal-bridal-white-full-set-with-teardrop-design-in-high-quality-zircon-stone-rhodium-plated,"omnia-dalal-gold-pearl-clip-on-earrings-with-iced-cut-stones-in-high-quality-92-5-silver,amor-white-cushion-cut-ring-in-925-silver-with-high-quality-simulated-diamonds,aryana-white-emerald-cut-ring-in-925-silver-with-high-quality-simulated-diamonds,azmira-royal-design-marquise-cut-white-moissanite-stone-ring-with-gra-certified-high-quality-in-925-silver-6x12mm-2ct"
omnia-lamara-floral-inspired-tennis-set-in-92-5-silver-with-high-quality-iced-cut-stones,"omnia-lamara-floral-inspired-ring-in-92-5-silver-with-high-quality-iced-cut-stones,omnia-lamara-floral-inspired-necklace-41cm-in-92-5-silver-with-high-quality-iced-cut-stones,lamara-floral-inspired-earrings-in-925-silver-with-premium-iced-cut-stones,abla-red-floral-ring-in-925-silver-with-marquise-and-pear-cut-high-quality-simulated-diamonds"
omnia-lamara-floral-inspired-ring-in-92-5-silver-with-high-quality-iced-cut-stones,"omnia-lamara-floral-inspired-necklace-41cm-in-92-5-silver-with-high-quality-iced-cut-stones,lamara-floral-inspired-earrings-in-925-silver-with-premium-iced-cut-stones,ayeisa-woven-red-leather-bracelet-with-certified-high-quality-premium-simulated-diamonds-in-925-sterling-silver,isalyn-ruby-red-bangle-with-high-quality-premium-simulated-diamonds-in-925-sterling-silver"
omnia-sophia-teardrop-bridal-full-set-in-92-5-silver-with-high-quality-simulated-diamonds,"omnia-sophia-pearl-flower-brooch-in-92-5-silver-with-high-quality-simulated-diamonds,abla-blue-floral-ring-in-925-silver-with-marquise-and-pear-cut-high-quality-simulated-diamonds,abla-red-floral-ring-in-925-silver-with-marquise-and-pear-cut-high-quality-simulated-diamonds,adesina-green-ring-with-certified-high-quality-premium-simulated-diamonds-in-925-sterling-silver"
omnia-emerald-bloom-necklace-in-92-5-silver-with-high-quality-simulated-diamonds,"omnia-purple-bloom-stud-earrings-in-92-5-silver-with-high-quality-simulated-diamonds,ameliora-emerald-cut-brick-lattice-wide-bracelet-with-premium-simulated-diamonds-in-925-sterling-silver,aryana-white-emerald-cut-ring-in-925-silver-with-high-quality-simulated-diamonds,nymeria-emerald-green-brooch-with-high-quality-premium-simulated-diamonds-in-925-sterling-silver"
omnia-pink-blossom-necklace-in-92-5-silver-with-high-quality-simulated-diamonds,"omnia-pink-blossom-stud-earrings-in-92-5-silver-with-high-quality-simulated-diamonds,omnia-blossom-black-beads-bracelet-in-925-silver-with-high-quality-simulated-diamonds,annie-pink-ring-with-certified-premium-simulated-diamonds-in-925-sterling-silver,kareenah-pink-open-cuff-ring-in-925-silver-with-premium-simulated-diamonds"
omnia-zohair-pendant-necklace-in-brass-gold-plated-with-mother-of-pearl,"omnia-zohair-statement-ring-in-brass-gold-plated-with-mother-of-pearl,omnia-asfar-dangle-earrings-in-brass-gold-plated-with-mother-of-pearl,arwenna-fluted-ribbed-spindle-gold-plated-bracelet-with-premium-simulated-diamonds-in-925-sterling-silver,omnia-areej-gold-plated-copper-bangle-with-high-quality-simulated-diamonds"
omnia-amara-yellow-pearl-drop-earrings-in-92-5-silver-with-high-quality-simulated-diamonds,"omnia-amara-brooch-in-92-5-silver-with-high-quality-simulated-diamonds,najaah-floral-fresh-water-pearl-necklace-in-925-silver-with-high-quality-simulated-diamonds,eleniya-vintage-royal-pearl-and-pink-diamond-fringe-drop-bracelet-with-premium-simulated-diamonds-in-925-sterling-silver,avalina-fresh-water-pearl-ring-in-925-silver-with-high-quality-simulated-diamonds"
omnia-pearl-necklace-in-92-5-silver-with-high-quality-simulated-diamonds-pre-order,"omnia-pink-blossom-stud-earrings-in-92-5-silver-with-high-quality-simulated-diamonds,omnia-blossom-black-beads-bracelet-in-925-silver-with-high-quality-simulated-diamonds,avalina-fresh-water-pearl-ring-in-925-silver-with-high-quality-simulated-diamonds,dulce-royal-two-tone-pearl-bangle-with-premium-simulated-diamonds-in-925-sterling-silver"
omnia-stella-floral-earrings-in-92-5-silver-with-high-quality-simulated-diamonds,"omnia-mahtab-pearl-long-chain-in-925-silver-with-high-quality-simulated-diamonds,omnia-stella-rose-silver-brooch-in-925-silver-high-quality-simulated-diamonds,eunice-floral-bracelet-with-certified-high-quality-premium-simulated-diamonds-in-925-sterling-silver,abla-blue-floral-ring-in-925-silver-with-marquise-and-pear-cut-high-quality-simulated-diamonds"
omnia-purple-bloom-stud-earrings-in-92-5-silver-with-high-quality-simulated-diamonds,"omnia-emerald-bloom-necklace-in-92-5-silver-with-high-quality-simulated-diamonds,omnia-faryal-oval-purple-stone-ring-in-92-5-silver-with-high-quality-simulated-diamonds,omnia-zenah-white-bangle-with-high-quality-simulated-diamonds-in-925-silver,omnia-sia-pink-coral-floral-brooch-in-925-silver-high-quality-purple-and-white-simulated-diamonds"
omnia-pink-blossom-stud-earrings-in-92-5-silver-with-high-quality-simulated-diamonds,"omnia-pink-blossom-necklace-in-92-5-silver-with-high-quality-simulated-diamonds,omnia-blossom-black-beads-bracelet-in-925-silver-with-high-quality-simulated-diamonds,annie-pink-ring-with-certified-premium-simulated-diamonds-in-925-sterling-silver,kareenah-pink-open-cuff-ring-in-925-silver-with-premium-simulated-diamonds"
omnia-aqua-flower-stud-earrings-in-92-5-silver-with-high-quality-simulated-diamonds,"heart-red-necklace-925-silver-in-high-quality-simulated-diamonds,omnia-silver-rose-brooch-in-92-5-silver-with-high-quality-simulated-diamonds,omnia-louise-blue-bracelet-in-92-5-silver-high-quality-simulated-diamonds,abla-blue-floral-ring-in-925-silver-with-marquise-and-pear-cut-high-quality-simulated-diamonds"
omnia-mashael-emerald-oval-cut-stud-earrings-in-92-5-silver-with-high-quality-simulated-diamonds,"mashael-blue-flower-cut-pendant-necklace-with-high-quality-simulated-diamonds-in-925-silver,omnia-mashael-flower-cut-ring-in-92-5-silver-with-high-quality-simulated-diamonds,ameliora-emerald-cut-brick-lattice-wide-bracelet-with-premium-simulated-diamonds-in-925-sterling-silver,nymeria-emerald-green-brooch-with-high-quality-premium-simulated-diamonds-in-925-sterling-silver"
omnia-faryal-oval-purple-pendant-necklace-in-92-5-silver-with-high-quality-simulated-diamonds,"omnia-faryal-oval-purple-stone-stud-earrings-in-92-5-silver-with-high-quality-simulated-diamonds,omnia-faryal-oval-purple-stone-ring-in-92-5-silver-with-high-quality-simulated-diamonds,omnia-zenah-white-bangle-with-high-quality-simulated-diamonds-in-925-silver,omnia-sia-pink-coral-floral-brooch-in-925-silver-high-quality-purple-and-white-simulated-diamonds"
omnia-faryal-oval-purple-stone-stud-earrings-in-92-5-silver-with-high-quality-simulated-diamonds,"omnia-faryal-oval-purple-stone-ring-in-92-5-silver-with-high-quality-simulated-diamonds,omnia-faryal-oval-purple-pendant-necklace-in-92-5-silver-with-high-quality-simulated-diamonds,omnia-zenah-white-bangle-with-high-quality-simulated-diamonds-in-925-silver,omnia-sia-pink-coral-floral-brooch-in-925-silver-high-quality-purple-and-white-simulated-diamonds"
omnia-mashael-red-pendant-necklace-in-92-5-silver-with-high-quality-simulated-diamonds,"omnia-mashael-emerald-oval-cut-stud-earrings-in-92-5-silver-with-high-quality-simulated-diamonds,omnia-mashael-flower-cut-ring-in-92-5-silver-with-high-quality-simulated-diamonds,ayeisa-woven-red-leather-bracelet-with-certified-high-quality-premium-simulated-diamonds-in-925-sterling-silver,isalyn-ruby-red-bangle-with-high-quality-premium-simulated-diamonds-in-925-sterling-silver"
omnia-layla-blue-necklace-in-92-5-silver-with-high-quality-simulated-diamonds,"omnia-layla-golden-floral-crescent-hoop-earrings-with-multicolor-zircon-accents-in-high-quality-zircon-stone-rhodium-plated,omnia-louise-blue-bracelet-in-92-5-silver-high-quality-simulated-diamonds,abla-blue-floral-ring-in-925-silver-with-marquise-and-pear-cut-high-quality-simulated-diamonds,alani-baby-blue-brooch-with-certified-high-quality-premium-simulated-diamonds-in-925-sterling-silver"
omnia-layla-golden-floral-crescent-hoop-earrings-with-multicolor-zircon-accents-in-high-quality-zircon-stone-rhodium-plated,"omnia-layla-blue-necklace-in-92-5-silver-with-high-quality-simulated-diamonds,angela-multicolor-bracelet-in-925-silver-with-cubic-zirconia-stones,aya-shine-dragon-design-multicolor-bangle-in-925-silver-with-high-quality-simulated-diamonds,azelene-royal-marquise-cut-simulated-diamond-multi-color-crystal-925-sterling-silver-ring"
omnia-maysun-bracelet-in-92-5-silver-high-quality-simulated-diamonds,"omnia-maysun-earrings-in-92-5-silver-high-quality-simulated-diamonds,omnia-maysun-necklace-in-92-5-silver-high-quality-simulated-diamonds,omnia-maysun-ring-in-92-5-silver-high-quality-simulated-diamonds,kaylie-orange-tiger-brooch-with-high-quality-simulated-diamonds-in-925-silver"
omnia-maysun-ring-in-92-5-silver-high-quality-simulated-diamonds,"omnia-maysun-earrings-in-92-5-silver-high-quality-simulated-diamonds,omnia-maysun-necklace-in-92-5-silver-high-quality-simulated-diamonds,omnia-maysun-bracelet-in-92-5-silver-high-quality-simulated-diamonds,kaylie-orange-tiger-brooch-with-high-quality-simulated-diamonds-in-925-silver"
omnia-maysun-earrings-in-92-5-silver-high-quality-simulated-diamonds,"omnia-maysun-necklace-in-92-5-silver-high-quality-simulated-diamonds,omnia-maysun-bracelet-in-92-5-silver-high-quality-simulated-diamonds,omnia-maysun-ring-in-92-5-silver-high-quality-simulated-diamonds,kaylie-orange-tiger-brooch-with-high-quality-simulated-diamonds-in-925-silver"
omnia-maysun-necklace-in-92-5-silver-high-quality-simulated-diamonds,"omnia-maysun-earrings-in-92-5-silver-high-quality-simulated-diamonds,omnia-maysun-bracelet-in-92-5-silver-high-quality-simulated-diamonds,omnia-maysun-ring-in-92-5-silver-high-quality-simulated-diamonds,kaylie-orange-tiger-brooch-with-high-quality-simulated-diamonds-in-925-silver"
omnia-belle-white-pearl-stud-earrings-in-92-5-silver-high-quality-simulated-diamonds,"omnia-belle-white-pearl-necklace-in-92-5-silver-high-quality-simulated-diamonds,eryndra-white-pearl-flower-brooch-with-premium-simulated-diamonds-in-925-silver,eleniya-vintage-royal-pearl-and-pink-diamond-fringe-drop-bracelet-with-premium-simulated-diamonds-in-925-sterling-silver,avalina-fresh-water-pearl-ring-in-925-silver-with-high-quality-simulated-diamonds"
omnia-belle-white-pearl-necklace-in-92-5-silver-high-quality-simulated-diamonds,"omnia-belle-white-pearl-stud-earrings-in-92-5-silver-high-quality-simulated-diamonds,eryndra-white-pearl-flower-brooch-with-premium-simulated-diamonds-in-925-silver,eleniya-vintage-royal-pearl-and-pink-diamond-fringe-drop-bracelet-with-premium-simulated-diamonds-in-925-sterling-silver,avalina-fresh-water-pearl-ring-in-925-silver-with-high-quality-simulated-diamonds"
omnia-israa-pink-necklace-in-92-5-silver-high-quality-simulated-diamonds,"omnia-israa-pink-chandelier-earrings-in-92-5-silver-high-quality-simulated-diamonds,eleniya-vintage-royal-pearl-and-pink-diamond-fringe-drop-bracelet-with-premium-simulated-diamonds-in-925-sterling-silver,annie-pink-ring-with-certified-premium-simulated-diamonds-in-925-sterling-silver,kareenah-pink-open-cuff-ring-in-925-silver-with-premium-simulated-diamonds"
omnia-israh-green-necklace-in-92-5-silver-high-quality-simulated-diamonds,"omnia-israa-green-chandelier-earrings-in-92-5-silver-high-quality-simulated-diamonds,omnia-maysun-bracelet-in-925-silver-high-quality-green-simulated-diamonds,adesina-green-ring-with-certified-high-quality-premium-simulated-diamonds-in-925-sterling-silver,nymeria-emerald-green-brooch-with-high-quality-premium-simulated-diamonds-in-925-sterling-silver"
omnia-israa-blue-necklace-in-92-5-silver-high-quality-simulated-diamonds,"omnia-israa-blue-chandelier-earrings-in-92-5-silver-high-quality-simulated-diamonds,omnia-louise-blue-bracelet-in-92-5-silver-high-quality-simulated-diamonds,abla-blue-floral-ring-in-925-silver-with-marquise-and-pear-cut-high-quality-simulated-diamonds,alani-baby-blue-brooch-with-certified-high-quality-premium-simulated-diamonds-in-925-sterling-silver"
omnia-aida-earrings-in-92-5-silver-high-quality-natural-tourmaline,"omnia-aida-ring-92-5-silver-high-quality-simulated-diamonds,adah-round-white-pendant-necklace-with-high-quality-simulated-diamonds-in-925-silver,ameliora-emerald-cut-brick-lattice-wide-bracelet-with-premium-simulated-diamonds-in-925-sterling-silver,aya-shine-dragon-design-multicolor-bangle-in-925-silver-with-high-quality-simulated-diamonds"
omnia-asiya-yellow-bracelet-in-92-5-silver-high-quality-simulated-diamonds,"omnia-asiya-yellow-necklace-92-5-silver-in-high-quality-simulated-diamonds,alara-yellow-butterfly-clip-earrings-in-925-silver-with-high-quality-simulated-diamonds,isabell-yellow-and-white-pear-cut-ring-in-925-silver-with-high-quality-simulated-diamonds,kaylie-orange-tiger-brooch-with-high-quality-simulated-diamonds-in-925-silver"
omnia-asiya-yellow-necklace-92-5-silver-in-high-quality-simulated-diamonds,"omnia-asiya-yellow-bracelet-in-92-5-silver-high-quality-simulated-diamonds,alara-yellow-butterfly-clip-earrings-in-925-silver-with-high-quality-simulated-diamonds,isabell-yellow-and-white-pear-cut-ring-in-925-silver-with-high-quality-simulated-diamonds,kaylie-orange-tiger-brooch-with-high-quality-simulated-diamonds-in-925-silver"
omnia-rima-bridal-full-set-accessories-in-high-quality-simulated-diamonds,"omnia-rima-drop-earrings-in-high-quality-purple-and-white-zircon-stone-in-rhodium-plated-with-classic-teardrop-design,abla-blue-floral-ring-in-925-silver-with-marquise-and-pear-cut-high-quality-simulated-diamonds,isabell-blue-and-white-pear-cut-ring-in-925-silver-with-high-quality-simulated-diamonds,maysun-baby-blue-gold-plated-ring-in-925-silver-with-premium-simulated-diamonds"
omnia-heart-green-necklace-92-5-silver-in-high-quality-simulated-diamonds,"omnia-aqua-flower-stud-earrings-in-92-5-silver-with-high-quality-simulated-diamonds,omnia-silver-rose-brooch-in-92-5-silver-with-high-quality-simulated-diamonds,omnia-maysun-bracelet-in-925-silver-high-quality-green-simulated-diamonds,adesina-green-ring-with-certified-high-quality-premium-simulated-diamonds-in-925-sterling-silver"
omnia-bettina-sky-blue-necklace-92-5-silver-in-high-quality-simulated-diamonds,"bettina-blue-drop-earrings-in-925-silver-with-high-quality-simulated-diamonds,omnia-louise-blue-bracelet-in-92-5-silver-high-quality-simulated-diamonds,abla-blue-floral-ring-in-925-silver-with-marquise-and-pear-cut-high-quality-simulated-diamonds,alani-baby-blue-brooch-with-certified-high-quality-premium-simulated-diamonds-in-925-sterling-silver"
omnia-louise-sky-blue-bracelet-in-92-5-silver-high-quality-simulated-diamonds,"omnia-louise-sky-blue-necklace-in-92-5-silver-high-quality-simulated-diamonds,abir-blue-drop-earrings-with-premium-simulated-diamonds-in-925-sterling-silver,abla-blue-floral-ring-in-925-silver-with-marquise-and-pear-cut-high-quality-simulated-diamonds,alani-baby-blue-brooch-with-certified-high-quality-premium-simulated-diamonds-in-925-sterling-silver"
omnia-louise-blue-bracelet-in-92-5-silver-high-quality-simulated-diamonds,"omnia-louise-sky-blue-necklace-in-92-5-silver-high-quality-simulated-diamonds,abir-blue-drop-earrings-with-premium-simulated-diamonds-in-925-sterling-silver,abla-blue-floral-ring-in-925-silver-with-marquise-and-pear-cut-high-quality-simulated-diamonds,alani-baby-blue-brooch-with-certified-high-quality-premium-simulated-diamonds-in-925-sterling-silver"
omnia-zohair-statement-ring-in-brass-gold-plated-with-mother-of-pearl,"omnia-zohair-pendant-necklace-in-brass-gold-plated-with-mother-of-pearl,omnia-asfar-dangle-earrings-in-brass-gold-plated-with-mother-of-pearl,arwenna-fluted-ribbed-spindle-gold-plated-bracelet-with-premium-simulated-diamonds-in-925-sterling-silver,omnia-areej-gold-plated-copper-bangle-with-high-quality-simulated-diamonds"
omnia-blossom-cluster-stud-earrings-in-925-sterling-silver-with-high-quality-iced-cut-stones,"omnia-blossom-black-beads-necklace-in-925-silver-with-high-quality-simulated-diamonds,omnia-blossom-black-beads-bracelet-in-925-silver-with-high-quality-simulated-diamonds,abla-blue-floral-ring-in-925-silver-with-marquise-and-pear-cut-high-quality-simulated-diamonds,aya-shine-dragon-design-multicolor-bangle-in-925-silver-with-high-quality-simulated-diamonds"
